item,category,price,qty,type,date,source
Toor Dal,Pulses & Grains,160,240,initial,2025-10-12,demo_script
Basmati Rice (5kg),Pulses & Grains,450,180,initial,2025-10-12,demo_script
Aashirvaad Atta (10kg),Pulses & Grains,520,150,initial,2025-10-12,demo_script
Sugar,Pulses & Grains,45,300,initial,2025-10-12,demo_script
Fortune Sunflower Oil (1L),Cooking,180,210,initial,2025-10-12,demo_script
MDH Garam Masala,Cooking,85,120,initial,2025-10-12,demo_script
Saffola Gold Oil (1L),Cooking,220,90,initial,2025-10-12,demo_script
Maggi Noodles,Snacks,14,750,initial,2025-10-12,demo_script
Parle-G Biscuits,Snacks,10,900,initial,2025-10-12,demo_script
Lays Chips (Small),Snacks,20,450,initial,2025-10-12,demo_script
Britannia Bread,Bakery,45,360,initial,2025-10-12,demo_script
Tata Tea Gold (500g),Beverages,280,120,initial,2025-10-12,demo_script
Nescafe Classic (50g),Beverages,160,90,initial,2025-10-12,demo_script
Amul Milk (500ml),Dairy,30,1050,initial,2025-10-12,demo_script
Surf Excel (1kg),Household,250,120,initial,2025-10-12,demo_script
Vim Dishwash Bar,Household,35,180,initial,2025-10-12,demo_script
Lux Soap,Personal Care,48,150,initial,2025-10-12,demo_script
Colgate Toothpaste,Personal Care,95,120,initial,2025-10-12,demo_script
Eggs (dozen),Daily Essentials,80,300,initial,2025-10-12,demo_script
Amul Butter (100g),Dairy,56,180,initial,2025-10-12,demo_script
Toor Dal,Pulses & Grains,160,13,sale,2025-10-12,demo_script
Basmati Rice (5kg),Pulses & Grains,450,8,sale,2025-10-12,demo_script
Aashirvaad Atta (10kg),Pulses & Grains,520,5,sale,2025-10-12,demo_script
Sugar,Pulses & Grains,45,13,sale,2025-10-12,demo_script
Fortune Sunflower Oil (1L),Cooking,180,12,sale,2025-10-12,demo_script
MDH Garam Masala,Cooking,85,9,sale,2025-10-12,demo_script
Saffola Gold Oil (1L),Cooking,220,6,sale,2025-10-12,demo_script
Maggi Noodles,Snacks,14,54,sale,2025-10-12,demo_script
Parle-G Biscuits,Snacks,10,54,sale,2025-10-12,demo_script
Lays Chips (Small),Snacks,20,20,sale,2025-10-12,demo_script
Britannia Bread,Bakery,45,21,sale,2025-10-12,demo_script
Tata Tea Gold (500g),Beverages,280,6,sale,2025-10-12,demo_script
Nescafe Classic (50g),Beverages,160,4,sale,2025-10-12,demo_script
Amul Milk (500ml),Dairy,30,73,sale,2025-10-12,demo_script
Surf Excel (1kg),Household,250,5,sale,2025-10-12,demo_script
Vim Dishwash Bar,Household,35,10,sale,2025-10-12,demo_script
Lux Soap,Personal Care,48,7,sale,2025-10-12,demo_script
Colgate Toothpaste,Personal Care,95,5,sale,2025-10-12,demo_script
Eggs (dozen),Daily Essentials,80,16,sale,2025-10-12,demo_script
Amul Butter (100g),Dairy,56,8,sale,2025-10-12,demo_script
Toor Dal,Pulses & Grains,160,9,sale,2025-10-13,demo_script
Basmati Rice (5kg),Pulses & Grains,450,4,sale,2025-10-13,demo_script
Aashirvaad Atta (10kg),Pulses & Grains,520,5,sale,2025-10-13,demo_script
Sugar,Pulses & Grains,45,9,sale,2025-10-13,demo_script
Fortune Sunflower Oil (1L),Cooking,180,9,sale,2025-10-13,demo_script
MDH Garam Masala,Cooking,85,6,sale,2025-10-13,demo_script
Saffola Gold Oil (1L),Cooking,220,3,sale,2025-10-13,demo_script
Maggi Noodles,Snacks,14,35,sale,2025-10-13,demo_script
Parle-G Biscuits,Snacks,10,49,sale,2025-10-13,demo_script
Lays Chips (Small),Snacks,20,30,sale,2025-10-13,demo_script
Britannia Bread,Bakery,45,10,sale,2025-10-13,demo_script
Tata Tea Gold (500g),Beverages,280,2,sale,2025-10-13,demo_script
Nescafe Classic (50g),Beverages,160,2,sale,2025-10-13,demo_script
Amul Milk (500ml),Dairy,30,35,sale,2025-10-13,demo_script
Surf Excel (1kg),Household,250,3,sale,2025-10-13,demo_script
Vim Dishwash Bar,Household,35,4,sale,2025-10-13,demo_script
Lux Soap,Personal Care,48,5,sale,2025-10-13,demo_script
Colgate Toothpaste,Personal Care,95,3,sale,2025-10-13,demo_script
Eggs (dozen),Daily Essentials,80,7,sale,2025-10-13,demo_script
Amul Butter (100g),Dairy,56,9,sale,2025-10-13,demo_script
Toor Dal,Pulses & Grains,160,6,sale,2025-10-14,demo_script
Basmati Rice (5kg),Pulses & Grains,450,6,sale,2025-10-14,demo_script
Aashirvaad Atta (10kg),Pulses & Grains,520,6,sale,2025-10-14,demo_script
Sugar,Pulses & Grains,45,8,sale,2025-10-14,demo_script
Fortune Sunflower Oil (1L),Cooking,180,8,sale,2025-10-14,demo_script
MDH Garam Masala,Cooking,85,8,sale,2025-10-14,demo_script
Saffola Gold Oil (1L),Cooking,220,4,sale,2025-10-14,demo_script
Maggi Noodles,Snacks,14,46,sale,2025-10-14,demo_script
Parle-G Biscuits,Snacks,10,40,sale,2025-10-14,demo_script
Lays Chips (Small),Snacks,20,25,sale,2025-10-14,demo_script
Britannia Bread,Bakery,45,13,sale,2025-10-14,demo_script
Tata Tea Gold (500g),Beverages,280,4,sale,2025-10-14,demo_script
Nescafe Classic (50g),Beverages,160,3,sale,2025-10-14,demo_script
Amul Milk (500ml),Dairy,30,59,sale,2025-10-14,demo_script
Surf Excel (1kg),Household,250,5,sale,2025-10-14,demo_script
Vim Dishwash Bar,Household,35,7,sale,2025-10-14,demo_script
Lux Soap,Personal Care,48,5,sale,2025-10-14,demo_script
Colgate Toothpaste,Personal Care,95,2,sale,2025-10-14,demo_script
Eggs (dozen),Daily Essentials,80,11,sale,2025-10-14,demo_script
Amul Butter (100g),Dairy,56,11,sale,2025-10-14,demo_script
Toor Dal,Pulses & Grains,160,6,sale,2025-10-15,demo_script
Basmati Rice (5kg),Pulses & Grains,450,4,sale,2025-10-15,demo_script
Aashirvaad Atta (10kg),Pulses & Grains,520,5,sale,2025-10-15,demo_script
Sugar,Pulses & Grains,45,7,sale,2025-10-15,demo_script
Fortune Sunflower Oil (1L),Cooking,180,9,sale,2025-10-15,demo_script
MDH Garam Masala,Cooking,85,8,sale,2025-10-15,demo_script
Saffola Gold Oil (1L),Cooking,220,4,sale,2025-10-15,demo_script
Maggi Noodles,Snacks,14,52,sale,2025-10-15,demo_script
Parle-G Biscuits,Snacks,10,36,sale,2025-10-15,demo_script
Lays Chips (Small),Snacks,20,17,sale,2025-10-15,demo_script
Britannia Bread,Bakery,45,14,sale,2025-10-15,demo_script
Tata Tea Gold (500g),Beverages,280,4,sale,2025-10-15,demo_script
Nescafe Classic (50g),Beverages,160,2,sale,2025-10-15,demo_script
Amul Milk (500ml),Dairy,30,48,sale,2025-10-15,demo_script
Surf Excel (1kg),Household,250,2,sale,2025-10-15,demo_script
Vim Dishwash Bar,Household,35,6,sale,2025-10-15,demo_script
Lux Soap,Personal Care,48,3,sale,2025-10-15,demo_script
Colgate Toothpaste,Personal Care,95,5,sale,2025-10-15,demo_script
Eggs (dozen),Daily Essentials,80,10,sale,2025-10-15,demo_script
Amul Butter (100g),Dairy,56,6,sale,2025-10-15,demo_script
Toor Dal,Pulses & Grains,160,5,sale,2025-10-16,demo_script
Basmati Rice (5kg),Pulses & Grains,450,5,sale,2025-10-16,demo_script
Aashirvaad Atta (10kg),Pulses & Grains,520,5,sale,2025-10-16,demo_script
Sugar,Pulses & Grains,45,11,sale,2025-10-16,demo_script
Fortune Sunflower Oil (1L),Cooking,180,8,sale,2025-10-16,demo_script
MDH Garam Masala,Cooking,85,4,sale,2025-10-16,demo_script
Saffola Gold Oil (1L),Cooking,220,3,sale,2025-10-16,demo_script
Maggi Noodles,Snacks,14,28,sale,2025-10-16,demo_script
Parle-G Biscuits,Snacks,10,44,sale,2025-10-16,demo_script
Lays Chips (Small),Snacks,20,28,sale,2025-10-16,demo_script
Britannia Bread,Bakery,45,16,sale,2025-10-16,demo_script
Tata Tea Gold (500g),Beverages,280,2,sale,2025-10-16,demo_script
Nescafe Classic (50g),Beverages,160,3,sale,2025-10-16,demo_script
Amul Milk (500ml),Dairy,30,48,sale,2025-10-16,demo_script
Surf Excel (1kg),Household,250,3,sale,2025-10-16,demo_script
Vim Dishwash Bar,Household,35,5,sale,2025-10-16,demo_script
Lux Soap,Personal Care,48,3,sale,2025-10-16,demo_script
Colgate Toothpaste,Personal Care,95,2,sale,2025-10-16,demo_script
Eggs (dozen),Daily Essentials,80,12,sale,2025-10-16,demo_script
Amul Butter (100g),Dairy,56,6,sale,2025-10-16,demo_script
Toor Dal,Pulses & Grains,160,9,sale,2025-10-17,demo_script
Basmati Rice (5kg),Pulses & Grains,450,7,sale,2025-10-17,demo_script
Aashirvaad Atta (10kg),Pulses & Grains,520,3,sale,2025-10-17,demo_script
Sugar,Pulses & Grains,45,10,sale,2025-10-17,demo_script
Fortune Sunflower Oil (1L),Cooking,180,11,sale,2025-10-17,demo_script
MDH Garam Masala,Cooking,85,6,sale,2025-10-17,demo_script
Saffola Gold Oil (1L),Cooking,220,3,sale,2025-10-17,demo_script
Maggi Noodles,Snacks,14,32,sale,2025-10-17,demo_script
Parle-G Biscuits,Snacks,10,33,sale,2025-10-17,demo_script
Lays Chips (Small),Snacks,20,16,sale,2025-10-17,demo_script
Britannia Bread,Bakery,45,12,sale,2025-10-17,demo_script
Tata Tea Gold (500g),Beverages,280,3,sale,2025-10-17,demo_script
Nescafe Classic (50g),Beverages,160,2,sale,2025-10-17,demo_script
Amul Milk (500ml),Dairy,30,38,sale,2025-10-17,demo_script
Surf Excel (1kg),Household,250,3,sale,2025-10-17,demo_script
Vim Dishwash Bar,Household,35,4,sale,2025-10-17,demo_script
Lux Soap,Personal Care,48,3,sale,2025-10-17,demo_script
Colgate Toothpaste,Personal Care,95,3,sale,2025-10-17,demo_script
Eggs (dozen),Daily Essentials,80,10,sale,2025-10-17,demo_script
Amul Butter (100g),Dairy,56,6,sale,2025-10-17,demo_script
Toor Dal,Pulses & Grains,160,12,sale,2025-10-18,demo_script
Basmati Rice (5kg),Pulses & Grains,450,10,sale,2025-10-18,demo_script
Aashirvaad Atta (10kg),Pulses & Grains,520,5,sale,2025-10-18,demo_script
Sugar,Pulses & Grains,45,9,sale,2025-10-18,demo_script
Fortune Sunflower Oil (1L),Cooking,180,19,sale,2025-10-18,demo_script
MDH Garam Masala,Cooking,85,9,sale,2025-10-18,demo_script
Saffola Gold Oil (1L),Cooking,220,8,sale,2025-10-18,demo_script
Maggi Noodles,Snacks,14,36,sale,2025-10-18,demo_script
Parle-G Biscuits,Snacks,10,48,sale,2025-10-18,demo_script
Lays Chips (Small),Snacks,20,35,sale,2025-10-18,demo_script
Britannia Bread,Bakery,45,21,sale,2025-10-18,demo_script
Tata Tea Gold (500g),Beverages,280,7,sale,2025-10-18,demo_script
Nescafe Classic (50g),Beverages,160,4,sale,2025-10-18,demo_script
Amul Milk (500ml),Dairy,30,81,sale,2025-10-18,demo_script
Surf Excel (1kg),Household,250,3,sale,2025-10-18,demo_script
Vim Dishwash Bar,Household,35,10,sale,2025-10-18,demo_script
Lux Soap,Personal Care,48,4,sale,2025-10-18,demo_script
Colgate Toothpaste,Personal Care,95,7,sale,2025-10-18,demo_script
Eggs (dozen),Daily Essentials,80,17,sale,2025-10-18,demo_script
Amul Butter (100g),Dairy,56,11,sale,2025-10-18,demo_script
Toor Dal,Pulses & Grains,160,7,sale,2025-10-19,demo_script
Basmati Rice (5kg),Pulses & Grains,450,9,sale,2025-10-19,demo_script
Aashirvaad Atta (10kg),Pulses & Grains,520,8,sale,2025-10-19,demo_script
Sugar,Pulses & Grains,45,11,sale,2025-10-19,demo_script
Fortune Sunflower Oil (1L),Cooking,180,16,sale,2025-10-19,demo_script
MDH Garam Masala,Cooking,85,6,sale,2025-10-19,demo_script
Saffola Gold Oil (1L),Cooking,220,3,sale,2025-10-19,demo_script
Maggi Noodles,Snacks,14,35,sale,2025-10-19,demo_script
Parle-G Biscuits,Snacks,10,48,sale,2025-10-19,demo_script
Lays Chips (Small),Snacks,20,30,sale,2025-10-19,demo_script
Britannia Bread,Bakery,45,21,sale,2025-10-19,demo_script
Tata Tea Gold (500g),Beverages,280,4,sale,2025-10-19,demo_script
Nescafe Classic (50g),Beverages,160,2,sale,2025-10-19,demo_script
Amul Milk (500ml),Dairy,30,73,sale,2025-10-19,demo_script
Surf Excel (1kg),Household,250,4,sale,2025-10-19,demo_script
Vim Dishwash Bar,Household,35,7,sale,2025-10-19,demo_script
Lux Soap,Personal Care,48,7,sale,2025-10-19,demo_script
Colgate Toothpaste,Personal Care,95,5,sale,2025-10-19,demo_script
Eggs (dozen),Daily Essentials,80,16,sale,2025-10-19,demo_script
Amul Butter (100g),Dairy,56,14,sale,2025-10-19,demo_script
Toor Dal,Pulses & Grains,160,5,sale,2025-10-20,demo_script
Toor Dal,Pulses & Grains,160,122,restock,2025-10-20,demo_script
Basmati Rice (5kg),Pulses & Grains,450,5,sale,2025-10-20,demo_script
Basmati Rice (5kg),Pulses & Grains,450,80,restock,2025-10-20,demo_script
Aashirvaad Atta (10kg),Pulses & Grains,520,3,sale,2025-10-20,demo_script
Aashirvaad Atta (10kg),Pulses & Grains,520,73,restock,2025-10-20,demo_script
Sugar,Pulses & Grains,45,9,sale,2025-10-20,demo_script
Sugar,Pulses & Grains,45,163,restock,2025-10-20,demo_script
Fortune Sunflower Oil (1L),Cooking,180,9,sale,2025-10-20,demo_script
Fortune Sunflower Oil (1L),Cooking,180,114,restock,2025-10-20,demo_script
MDH Garam Masala,Cooking,85,6,sale,2025-10-20,demo_script
MDH Garam Masala,Cooking,85,56,restock,2025-10-20,demo_script
Saffola Gold Oil (1L),Cooking,220,3,sale,2025-10-20,demo_script
Saffola Gold Oil (1L),Cooking,220,43,restock,2025-10-20,demo_script
Maggi Noodles,Snacks,14,32,sale,2025-10-20,demo_script
Maggi Noodles,Snacks,14,329,restock,2025-10-20,demo_script
Parle-G Biscuits,Snacks,10,54,sale,2025-10-20,demo_script
Parle-G Biscuits,Snacks,10,407,restock,2025-10-20,demo_script
Lays Chips (Small),Snacks,20,27,sale,2025-10-20,demo_script
Lays Chips (Small),Snacks,20,190,restock,2025-10-20,demo_script
Britannia Bread,Bakery,45,8,sale,2025-10-20,demo_script
Britannia Bread,Bakery,45,200,restock,2025-10-20,demo_script
Tata Tea Gold (500g),Beverages,280,3,sale,2025-10-20,demo_script
Tata Tea Gold (500g),Beverages,280,61,restock,2025-10-20,demo_script
Nescafe Classic (50g),Beverages,160,3,sale,2025-10-20,demo_script
Nescafe Classic (50g),Beverages,160,39,restock,2025-10-20,demo_script
Amul Milk (500ml),Dairy,30,62,sale,2025-10-20,demo_script
Amul Milk (500ml),Dairy,30,478,restock,2025-10-20,demo_script
Surf Excel (1kg),Household,250,5,sale,2025-10-20,demo_script
Surf Excel (1kg),Household,250,53,restock,2025-10-20,demo_script
Vim Dishwash Bar,Household,35,6,sale,2025-10-20,demo_script
Vim Dishwash Bar,Household,35,93,restock,2025-10-20,demo_script
Lux Soap,Personal Care,48,3,sale,2025-10-20,demo_script
Lux Soap,Personal Care,48,63,restock,2025-10-20,demo_script
Colgate Toothpaste,Personal Care,95,5,sale,2025-10-20,demo_script
Colgate Toothpaste,Personal Care,95,51,restock,2025-10-20,demo_script
Eggs (dozen),Daily Essentials,80,9,sale,2025-10-20,demo_script
Eggs (dozen),Daily Essentials,80,164,restock,2025-10-20,demo_script
Amul Butter (100g),Dairy,56,6,sale,2025-10-20,demo_script
Amul Butter (100g),Dairy,56,79,restock,2025-10-20,demo_script
Toor Dal,Pulses & Grains,160,8,sale,2025-10-21,demo_script
Basmati Rice (5kg),Pulses & Grains,450,4,sale,2025-10-21,demo_script
Aashirvaad Atta (10kg),Pulses & Grains,520,5,sale,2025-10-21,demo_script
Sugar,Pulses & Grains,45,9,sale,2025-10-21,demo_script
Fortune Sunflower Oil (1L),Cooking,180,6,sale,2025-10-21,demo_script
MDH Garam Masala,Cooking,85,6,sale,2025-10-21,demo_script
Saffola Gold Oil (1L),Cooking,220,4,sale,2025-10-21,demo_script
Maggi Noodles,Snacks,14,43,sale,2025-10-21,demo_script
Parle-G Biscuits,Snacks,10,41,sale,2025-10-21,demo_script
Lays Chips (Small),Snacks,20,16,sale,2025-10-21,demo_script
Britannia Bread,Bakery,45,13,sale,2025-10-21,demo_script
Tata Tea Gold (500g),Beverages,280,3,sale,2025-10-21,demo_script
Nescafe Classic (50g),Beverages,160,2,sale,2025-10-21,demo_script
Amul Milk (500ml),Dairy,30,60,sale,2025-10-21,demo_script
Surf Excel (1kg),Household,250,5,sale,2025-10-21,demo_script
Vim Dishwash Bar,Household,35,5,sale,2025-10-21,demo_script
Lux Soap,Personal Care,48,5,sale,2025-10-21,demo_script
Colgate Toothpaste,Personal Care,95,4,sale,2025-10-21,demo_script
Eggs (dozen),Daily Essentials,80,12,sale,2025-10-21,demo_script
Amul Butter (100g),Dairy,56,6,sale,2025-10-21,demo_script
Toor Dal,Pulses & Grains,160,7,sale,2025-10-22,demo_script
Basmati Rice (5kg),Pulses & Grains,450,6,sale,2025-10-22,demo_script
Aashirvaad Atta (10kg),Pulses & Grains,520,4,sale,2025-10-22,demo_script
Sugar,Pulses & Grains,45,9,sale,2025-10-22,demo_script
Fortune Sunflower Oil (1L),Cooking,180,12,sale,2025-10-22,demo_script
MDH Garam Masala,Cooking,85,6,sale,2025-10-22,demo_script
Saffola Gold Oil (1L),Cooking,220,3,sale,2025-10-22,demo_script
Maggi Noodles,Snacks,14,43,sale,2025-10-22,demo_script
Parle-G Biscuits,Snacks,10,60,sale,2025-10-22,demo_script
Lays Chips (Small),Snacks,20,30,sale,2025-10-22,demo_script
Britannia Bread,Bakery,45,11,sale,2025-10-22,demo_script
Tata Tea Gold (500g),Beverages,280,3,sale,2025-10-22,demo_script
Nescafe Classic (50g),Beverages,160,3,sale,2025-10-22,demo_script
Amul Milk (500ml),Dairy,30,43,sale,2025-10-22,demo_script
Surf Excel (1kg),Household,250,3,sale,2025-10-22,demo_script
Vim Dishwash Bar,Household,35,6,sale,2025-10-22,demo_script
Lux Soap,Personal Care,48,3,sale,2025-10-22,demo_script
Colgate Toothpaste,Personal Care,95,3,sale,2025-10-22,demo_script
Eggs (dozen),Daily Essentials,80,8,sale,2025-10-22,demo_script
Amul Butter (100g),Dairy,56,9,sale,2025-10-22,demo_script
Toor Dal,Pulses & Grains,160,6,sale,2025-10-23,demo_script
Basmati Rice (5kg),Pulses & Grains,450,7,sale,2025-10-23,demo_script
Aashirvaad Atta (10kg),Pulses & Grains,520,6,sale,2025-10-23,demo_script
Sugar,Pulses & Grains,45,7,sale,2025-10-23,demo_script
Fortune Sunflower Oil (1L),Cooking,180,12,sale,2025-10-23,demo_script
MDH Garam Masala,Cooking,85,4,sale,2025-10-23,demo_script
Saffola Gold Oil (1L),Cooking,220,4,sale,2025-10-23,demo_script
Maggi Noodles,Snacks,14,32,sale,2025-10-23,demo_script
Parle-G Biscuits,Snacks,10,57,sale,2025-10-23,demo_script
Lays Chips (Small),Snacks,20,27,sale,2025-10-23,demo_script
Britannia Bread,Bakery,45,9,sale,2025-10-23,demo_script
Tata Tea Gold (500g),Beverages,280,3,sale,2025-10-23,demo_script
Nescafe Classic (50g),Beverages,160,2,sale,2025-10-23,demo_script
Amul Milk (500ml),Dairy,30,44,sale,2025-10-23,demo_script
Surf Excel (1kg),Household,250,4,sale,2025-10-23,demo_script
Vim Dishwash Bar,Household,35,5,sale,2025-10-23,demo_script
Lux Soap,Personal Care,48,5,sale,2025-10-23,demo_script
Colgate Toothpaste,Personal Care,95,3,sale,2025-10-23,demo_script
Eggs (dozen),Daily Essentials,80,8,sale,2025-10-23,demo_script
Amul Butter (100g),Dairy,56,6,sale,2025-10-23,demo_script
Toor Dal,Pulses & Grains,160,7,sale,2025-10-24,demo_script
Basmati Rice (5kg),Pulses & Grains,450,5,sale,2025-10-24,demo_script
Aashirvaad Atta (10kg),Pulses & Grains,520,6,sale,2025-10-24,demo_script
Sugar,Pulses & Grains,45,12,sale,2025-10-24,demo_script
Fortune Sunflower Oil (1L),Cooking,180,9,sale,2025-10-24,demo_script
MDH Garam Masala,Cooking,85,4,sale,2025-10-24,demo_script
Saffola Gold Oil (1L),Cooking,220,3,sale,2025-10-24,demo_script
Maggi Noodles,Snacks,14,28,sale,2025-10-24,demo_script
Parle-G Biscuits,Snacks,10,44,sale,2025-10-24,demo_script
Lays Chips (Small),Snacks,20,24,sale,2025-10-24,demo_script
Britannia Bread,Bakery,45,11,sale,2025-10-24,demo_script
Tata Tea Gold (500g),Beverages,280,4,sale,2025-10-24,demo_script
Nescafe Classic (50g),Beverages,160,2,sale,2025-10-24,demo_script
Amul Milk (500ml),Dairy,30,43,sale,2025-10-24,demo_script
Surf Excel (1kg),Household,250,5,sale,2025-10-24,demo_script
Vim Dishwash Bar,Household,35,6,sale,2025-10-24,demo_script
Lux Soap,Personal Care,48,4,sale,2025-10-24,demo_script
Colgate Toothpaste,Personal Care,95,4,sale,2025-10-24,demo_script
Eggs (dozen),Daily Essentials,80,13,sale,2025-10-24,demo_script
Amul Butter (100g),Dairy,56,6,sale,2025-10-24,demo_script
Toor Dal,Pulses & Grains,160,11,sale,2025-10-25,demo_script
Basmati Rice (5kg),Pulses & Grains,450,6,sale,2025-10-25,demo_script
Aashirvaad Atta (10kg),Pulses & Grains,520,10,sale,2025-10-25,demo_script
Sugar,Pulses & Grains,45,22,sale,2025-10-25,demo_script
Fortune Sunflower Oil (1L),Cooking,180,12,sale,2025-10-25,demo_script
MDH Garam Masala,Cooking,85,11,sale,2025-10-25,demo_script
Saffola Gold Oil (1L),Cooking,220,6,sale,2025-10-25,demo_script
Maggi Noodles,Snacks,14,65,sale,2025-10-25,demo_script
Parle-G Biscuits,Snacks,10,56,sale,2025-10-25,demo_script
Lays Chips (Small),Snacks,20,20,sale,2025-10-25,demo_script
Britannia Bread,Bakery,45,19,sale,2025-10-25,demo_script
Tata Tea Gold (500g),Beverages,280,5,sale,2025-10-25,demo_script
Nescafe Classic (50g),Beverages,160,4,sale,2025-10-25,demo_script
Amul Milk (500ml),Dairy,30,96,sale,2025-10-25,demo_script
Surf Excel (1kg),Household,250,4,sale,2025-10-25,demo_script
Vim Dishwash Bar,Household,35,8,sale,2025-10-25,demo_script
Lux Soap,Personal Care,48,6,sale,2025-10-25,demo_script
Colgate Toothpaste,Personal Care,95,5,sale,2025-10-25,demo_script
Eggs (dozen),Daily Essentials,80,8,sale,2025-10-25,demo_script
Amul Butter (100g),Dairy,56,11,sale,2025-10-25,demo_script
Toor Dal,Pulses & Grains,160,11,sale,2025-10-26,demo_script
Basmati Rice (5kg),Pulses & Grains,450,6,sale,2025-10-26,demo_script
Aashirvaad Atta (10kg),Pulses & Grains,520,10,sale,2025-10-26,demo_script
Sugar,Pulses & Grains,45,15,sale,2025-10-26,demo_script
Fortune Sunflower Oil (1L),Cooking,180,17,sale,2025-10-26,demo_script
MDH Garam Masala,Cooking,85,8,sale,2025-10-26,demo_script
Saffola Gold Oil (1L),Cooking,220,6,sale,2025-10-26,demo_script
Maggi Noodles,Snacks,14,70,sale,2025-10-26,demo_script
Parle-G Biscuits,Snacks,10,65,sale,2025-10-26,demo_script
Lays Chips (Small),Snacks,20,22,sale,2025-10-26,demo_script
Britannia Bread,Bakery,45,20,sale,2025-10-26,demo_script
Tata Tea Gold (500g),Beverages,280,6,sale,2025-10-26,demo_script
Nescafe Classic (50g),Beverages,160,2,sale,2025-10-26,demo_script
Amul Milk (500ml),Dairy,30,80,sale,2025-10-26,demo_script
Surf Excel (1kg),Household,250,5,sale,2025-10-26,demo_script
Vim Dishwash Bar,Household,35,5,sale,2025-10-26,demo_script
Lux Soap,Personal Care,48,7,sale,2025-10-26,demo_script
Colgate Toothpaste,Personal Care,95,3,sale,2025-10-26,demo_script
Eggs (dozen),Daily Essentials,80,17,sale,2025-10-26,demo_script
Amul Butter (100g),Dairy,56,8,sale,2025-10-26,demo_script
Toor Dal,Pulses & Grains,160,7,sale,2025-10-27,demo_script
Basmati Rice (5kg),Pulses & Grains,450,6,sale,2025-10-27,demo_script
Aashirvaad Atta (10kg),Pulses & Grains,520,3,sale,2025-10-27,demo_script
Sugar,Pulses & Grains,45,11,sale,2025-10-27,demo_script
Fortune Sunflower Oil (1L),Cooking,180,12,sale,2025-10-27,demo_script
MDH Garam Masala,Cooking,85,4,sale,2025-10-27,demo_script
Saffola Gold Oil (1L),Cooking,220,3,sale,2025-10-27,demo_script
Maggi Noodles,Snacks,14,44,sale,2025-10-27,demo_script
Parle-G Biscuits,Snacks,10,56,sale,2025-10-27,demo_script
Lays Chips (Small),Snacks,20,14,sale,2025-10-27,demo_script
Britannia Bread,Bakery,45,11,sale,2025-10-27,demo_script
Tata Tea Gold (500g),Beverages,280,4,sale,2025-10-27,demo_script
Nescafe Classic (50g),Beverages,160,2,sale,2025-10-27,demo_script
Amul Milk (500ml),Dairy,30,67,sale,2025-10-27,demo_script
Surf Excel (1kg),Household,250,2,sale,2025-10-27,demo_script
Vim Dishwash Bar,Household,35,7,sale,2025-10-27,demo_script
Lux Soap,Personal Care,48,6,sale,2025-10-27,demo_script
Colgate Toothpaste,Personal Care,95,4,sale,2025-10-27,demo_script
Eggs (dozen),Daily Essentials,80,10,sale,2025-10-27,demo_script
Amul Butter (100g),Dairy,56,11,sale,2025-10-27,demo_script
Toor Dal,Pulses & Grains,160,6,sale,2025-10-28,demo_script
Basmati Rice (5kg),Pulses & Grains,450,7,sale,2025-10-28,demo_script
Aashirvaad Atta (10kg),Pulses & Grains,520,3,sale,2025-10-28,demo_script
Sugar,Pulses & Grains,45,14,sale,2025-10-28,demo_script
Fortune Sunflower Oil (1L),Cooking,180,8,sale,2025-10-28,demo_script
MDH Garam Masala,Cooking,85,6,sale,2025-10-28,demo_script
Saffola Gold Oil (1L),Cooking,220,4,sale,2025-10-28,demo_script
Maggi Noodles,Snacks,14,38,sale,2025-10-28,demo_script
Parle-G Biscuits,Snacks,10,41,sale,2025-10-28,demo_script
Lays Chips (Small),Snacks,20,16,sale,2025-10-28,demo_script
Britannia Bread,Bakery,45,10,sale,2025-10-28,demo_script
Tata Tea Gold (500g),Beverages,280,2,sale,2025-10-28,demo_script
Nescafe Classic (50g),Beverages,160,3,sale,2025-10-28,demo_script
Amul Milk (500ml),Dairy,30,73,sale,2025-10-28,demo_script
Surf Excel (1kg),Household,250,5,sale,2025-10-28,demo_script
Vim Dishwash Bar,Household,35,5,sale,2025-10-28,demo_script
Lux Soap,Personal Care,48,4,sale,2025-10-28,demo_script
Colgate Toothpaste,Personal Care,95,3,sale,2025-10-28,demo_script
Eggs (dozen),Daily Essentials,80,9,sale,2025-10-28,demo_script
Amul Butter (100g),Dairy,56,6,sale,2025-10-28,demo_script
Toor Dal,Pulses & Grains,160,13,sale,2025-10-29,demo_script
Basmati Rice (5kg),Pulses & Grains,450,5,sale,2025-10-29,demo_script
Aashirvaad Atta (10kg),Pulses & Grains,520,5,sale,2025-10-29,demo_script
Sugar,Pulses & Grains,45,10,sale,2025-10-29,demo_script
Fortune Sunflower Oil (1L),Cooking,180,12,sale,2025-10-29,demo_script
MDH Garam Masala,Cooking,85,8,sale,2025-10-29,demo_script
Saffola Gold Oil (1L),Cooking,220,3,sale,2025-10-29,demo_script
Maggi Noodles,Snacks,14,51,sale,2025-10-29,demo_script
Parle-G Biscuits,Snacks,10,43,sale,2025-10-29,demo_script
Lays Chips (Small),Snacks,20,25,sale,2025-10-29,demo_script
Britannia Bread,Bakery,45,14,sale,2025-10-29,demo_script
Tata Tea Gold (500g),Beverages,280,3,sale,2025-10-29,demo_script
Nescafe Classic (50g),Beverages,160,1,sale,2025-10-29,demo_script
Amul Milk (500ml),Dairy,30,68,sale,2025-10-29,demo_script
Surf Excel (1kg),Household,250,3,sale,2025-10-29,demo_script
Vim Dishwash Bar,Household,35,4,sale,2025-10-29,demo_script
Lux Soap,Personal Care,48,4,sale,2025-10-29,demo_script
Colgate Toothpaste,Personal Care,95,3,sale,2025-10-29,demo_script
Eggs (dozen),Daily Essentials,80,9,sale,2025-10-29,demo_script
Amul Butter (100g),Dairy,56,8,sale,2025-10-29,demo_script
Toor Dal,Pulses & Grains,160,6,sale,2025-10-30,demo_script
Basmati Rice (5kg),Pulses & Grains,450,3,sale,2025-10-30,demo_script
Aashirvaad Atta (10kg),Pulses & Grains,520,3,sale,2025-10-30,demo_script
Sugar,Pulses & Grains,45,14,sale,2025-10-30,demo_script
Fortune Sunflower Oil (1L),Cooking,180,14,sale,2025-10-30,demo_script
MDH Garam Masala,Cooking,85,6,sale,2025-10-30,demo_script
Saffola Gold Oil (1L),Cooking,220,3,sale,2025-10-30,demo_script
Maggi Noodles,Snacks,14,44,sale,2025-10-30,demo_script
Parle-G Biscuits,Snacks,10,33,sale,2025-10-30,demo_script
Lays Chips (Small),Snacks,20,22,sale,2025-10-30,demo_script
Britannia Bread,Bakery,45,11,sale,2025-10-30,demo_script
Tata Tea Gold (500g),Beverages,280,5,sale,2025-10-30,demo_script
Nescafe Classic (50g),Beverages,160,3,sale,2025-10-30,demo_script
Amul Milk (500ml),Dairy,30,65,sale,2025-10-30,demo_script
Surf Excel (1kg),Household,250,3,sale,2025-10-30,demo_script
Vim Dishwash Bar,Household,35,5,sale,2025-10-30,demo_script
Lux Soap,Personal Care,48,3,sale,2025-10-30,demo_script
Colgate Toothpaste,Personal Care,95,5,sale,2025-10-30,demo_script
Eggs (dozen),Daily Essentials,80,8,sale,2025-10-30,demo_script
Amul Butter (100g),Dairy,56,9,sale,2025-10-30,demo_script
Toor Dal,Pulses & Grains,160,7,sale,2025-10-31,demo_script
Basmati Rice (5kg),Pulses & Grains,450,5,sale,2025-10-31,demo_script
Aashirvaad Atta (10kg),Pulses & Grains,520,5,sale,2025-10-31,demo_script
Sugar,Pulses & Grains,45,11,sale,2025-10-31,demo_script
Fortune Sunflower Oil (1L),Cooking,180,12,sale,2025-10-31,demo_script
MDH Garam Masala,Cooking,85,6,sale,2025-10-31,demo_script
Saffola Gold Oil (1L),Cooking,220,4,sale,2025-10-31,demo_script
Maggi Noodles,Snacks,14,27,sale,2025-10-31,demo_script
Parle-G Biscuits,Snacks,10,30,sale,2025-10-31,demo_script
Lays Chips (Small),Snacks,20,24,sale,2025-10-31,demo_script
Britannia Bread,Bakery,45,14,sale,2025-10-31,demo_script
Tata Tea Gold (500g),Beverages,280,4,sale,2025-10-31,demo_script
Nescafe Classic (50g),Beverages,160,2,sale,2025-10-31,demo_script
Amul Milk (500ml),Dairy,30,41,sale,2025-10-31,demo_script
Surf Excel (1kg),Household,250,4,sale,2025-10-31,demo_script
Vim Dishwash Bar,Household,35,6,sale,2025-10-31,demo_script
Lux Soap,Personal Care,48,6,sale,2025-10-31,demo_script
Colgate Toothpaste,Personal Care,95,4,sale,2025-10-31,demo_script
Eggs (dozen),Daily Essentials,80,10,sale,2025-10-31,demo_script
Amul Butter (100g),Dairy,56,9,sale,2025-10-31,demo_script
Toor Dal,Pulses & Grains,160,14,sale,2025-11-01,demo_script
Toor Dal,Pulses & Grains,160,126,restock,2025-11-01,demo_script
Basmati Rice (5kg),Pulses & Grains,450,10,sale,2025-11-01,demo_script
Basmati Rice (5kg),Pulses & Grains,450,93,restock,2025-11-01,demo_script
Aashirvaad Atta (10kg),Pulses & Grains,520,4,sale,2025-11-01,demo_script
Aashirvaad Atta (10kg),Pulses & Grains,520,71,restock,2025-11-01,demo_script
Sugar,Pulses & Grains,45,11,sale,2025-11-01,demo_script
Sugar,Pulses & Grains,45,149,restock,2025-11-01,demo_script
Fortune Sunflower Oil (1L),Cooking,180,19,sale,2025-11-01,demo_script
Fortune Sunflower Oil (1L),Cooking,180,111,restock,2025-11-01,demo_script
MDH Garam Masala,Cooking,85,6,sale,2025-11-01,demo_script
MDH Garam Masala,Cooking,85,64,restock,2025-11-01,demo_script
Saffola Gold Oil (1L),Cooking,220,8,sale,2025-11-01,demo_script
Saffola Gold Oil (1L),Cooking,220,46,restock,2025-11-01,demo_script
Maggi Noodles,Snacks,14,43,sale,2025-11-01,demo_script
Maggi Noodles,Snacks,14,328,restock,2025-11-01,demo_script
Parle-G Biscuits,Snacks,10,54,sale,2025-11-01,demo_script
Parle-G Biscuits,Snacks,10,475,restock,2025-11-01,demo_script
Lays Chips (Small),Snacks,20,22,sale,2025-11-01,demo_script
Lays Chips (Small),Snacks,20,216,restock,2025-11-01,demo_script
Britannia Bread,Bakery,45,18,sale,2025-11-01,demo_script
Britannia Bread,Bakery,45,165,restock,2025-11-01,demo_script
Tata Tea Gold (500g),Beverages,280,6,sale,2025-11-01,demo_script
Tata Tea Gold (500g),Beverages,280,61,restock,2025-11-01,demo_script
Nescafe Classic (50g),Beverages,160,4,sale,2025-11-01,demo_script
Nescafe Classic (50g),Beverages,160,47,restock,2025-11-01,demo_script
Amul Milk (500ml),Dairy,30,75,sale,2025-11-01,demo_script
Amul Milk (500ml),Dairy,30,543,restock,2025-11-01,demo_script
Surf Excel (1kg),Household,250,6,sale,2025-11-01,demo_script
Surf Excel (1kg),Household,250,55,restock,2025-11-01,demo_script
Vim Dishwash Bar,Household,35,7,sale,2025-11-01,demo_script
Vim Dishwash Bar,Household,35,92,restock,2025-11-01,demo_script
Lux Soap,Personal Care,48,5,sale,2025-11-01,demo_script
Lux Soap,Personal Care,48,73,restock,2025-11-01,demo_script
Colgate Toothpaste,Personal Care,95,5,sale,2025-11-01,demo_script
Colgate Toothpaste,Personal Care,95,58,restock,2025-11-01,demo_script
Eggs (dozen),Daily Essentials,80,16,sale,2025-11-01,demo_script
Eggs (dozen),Daily Essentials,80,138,restock,2025-11-01,demo_script
Amul Butter (100g),Dairy,56,9,sale,2025-11-01,demo_script
Amul Butter (100g),Dairy,56,78,restock,2025-11-01,demo_script
Toor Dal,Pulses & Grains,160,8,sale,2025-11-02,demo_script
Basmati Rice (5kg),Pulses & Grains,450,6,sale,2025-11-02,demo_script
Aashirvaad Atta (10kg),Pulses & Grains,520,8,sale,2025-11-02,demo_script
Sugar,Pulses & Grains,45,14,sale,2025-11-02,demo_script
Fortune Sunflower Oil (1L),Cooking,180,17,sale,2025-11-02,demo_script
MDH Garam Masala,Cooking,85,6,sale,2025-11-02,demo_script
Saffola Gold Oil (1L),Cooking,220,6,sale,2025-11-02,demo_script
Maggi Noodles,Snacks,14,52,sale,2025-11-02,demo_script
Parle-G Biscuits,Snacks,10,59,sale,2025-11-02,demo_script
Lays Chips (Small),Snacks,20,25,sale,2025-11-02,demo_script
Britannia Bread,Bakery,45,19,sale,2025-11-02,demo_script
Tata Tea Gold (500g),Beverages,280,4,sale,2025-11-02,demo_script
Nescafe Classic (50g),Beverages,160,5,sale,2025-11-02,demo_script
Amul Milk (500ml),Dairy,30,88,sale,2025-11-02,demo_script
Surf Excel (1kg),Household,250,5,sale,2025-11-02,demo_script
Vim Dishwash Bar,Household,35,10,sale,2025-11-02,demo_script
Lux Soap,Personal Care,48,4,sale,2025-11-02,demo_script
Colgate Toothpaste,Personal Care,95,7,sale,2025-11-02,demo_script
Eggs (dozen),Daily Essentials,80,14,sale,2025-11-02,demo_script
Amul Butter (100g),Dairy,56,9,sale,2025-11-02,demo_script
Toor Dal,Pulses & Grains,160,8,sale,2025-11-03,demo_script
Basmati Rice (5kg),Pulses & Grains,450,4,sale,2025-11-03,demo_script
Aashirvaad Atta (10kg),Pulses & Grains,520,6,sale,2025-11-03,demo_script
Sugar,Pulses & Grains,45,8,sale,2025-11-03,demo_script
Fortune Sunflower Oil (1L),Cooking,180,6,sale,2025-11-03,demo_script
MDH Garam Masala,Cooking,85,6,sale,2025-11-03,demo_script
Saffola Gold Oil (1L),Cooking,220,3,sale,2025-11-03,demo_script
Maggi Noodles,Snacks,14,46,sale,2025-11-03,demo_script
Parle-G Biscuits,Snacks,10,36,sale,2025-11-03,demo_script
Lays Chips (Small),Snacks,20,19,sale,2025-11-03,demo_script
Britannia Bread,Bakery,45,12,sale,2025-11-03,demo_script
Tata Tea Gold (500g),Beverages,280,5,sale,2025-11-03,demo_script
Nescafe Classic (50g),Beverages,160,3,sale,2025-11-03,demo_script
Amul Milk (500ml),Dairy,30,68,sale,2025-11-03,demo_script
Surf Excel (1kg),Household,250,3,sale,2025-11-03,demo_script
Vim Dishwash Bar,Household,35,7,sale,2025-11-03,demo_script
Lux Soap,Personal Care,48,3,sale,2025-11-03,demo_script
Colgate Toothpaste,Personal Care,95,3,sale,2025-11-03,demo_script
Eggs (dozen),Daily Essentials,80,7,sale,2025-11-03,demo_script
Amul Butter (100g),Dairy,56,11,sale,2025-11-03,demo_script
Toor Dal,Pulses & Grains,160,9,sale,2025-11-04,demo_script
Basmati Rice (5kg),Pulses & Grains,450,6,sale,2025-11-04,demo_script
Aashirvaad Atta (10kg),Pulses & Grains,520,4,sale,2025-11-04,demo_script
Sugar,Pulses & Grains,45,8,sale,2025-11-04,demo_script
Fortune Sunflower Oil (1L),Cooking,180,14,sale,2025-11-04,demo_script
MDH Garam Masala,Cooking,85,6,sale,2025-11-04,demo_script
Saffola Gold Oil (1L),Cooking,220,3,sale,2025-11-04,demo_script
Maggi Noodles,Snacks,14,41,sale,2025-11-04,demo_script
Parle-G Biscuits,Snacks,10,60,sale,2025-11-04,demo_script
Lays Chips (Small),Snacks,20,20,sale,2025-11-04,demo_script
Britannia Bread,Bakery,45,9,sale,2025-11-04,demo_script
Tata Tea Gold (500g),Beverages,280,2,sale,2025-11-04,demo_script
Nescafe Classic (50g),Beverages,160,3,sale,2025-11-04,demo_script
Amul Milk (500ml),Dairy,30,68,sale,2025-11-04,demo_script
Surf Excel (1kg),Household,250,2,sale,2025-11-04,demo_script
Vim Dishwash Bar,Household,35,5,sale,2025-11-04,demo_script
Lux Soap,Personal Care,48,4,sale,2025-11-04,demo_script
Colgate Toothpaste,Personal Care,95,5,sale,2025-11-04,demo_script
Eggs (dozen),Daily Essentials,80,12,sale,2025-11-04,demo_script
Amul Butter (100g),Dairy,56,6,sale,2025-11-04,demo_script
Toor Dal,Pulses & Grains,160,6,sale,2025-11-05,demo_script
Basmati Rice (5kg),Pulses & Grains,450,4,sale,2025-11-05,demo_script
Aashirvaad Atta (10kg),Pulses & Grains,520,5,sale,2025-11-05,demo_script
Sugar,Pulses & Grains,45,10,sale,2025-11-05,demo_script
Fortune Sunflower Oil (1L),Cooking,180,12,sale,2025-11-05,demo_script
MDH Garam Masala,Cooking,85,4,sale,2025-11-05,demo_script
Saffola Gold Oil (1L),Cooking,220,3,sale,2025-11-05,demo_script
Maggi Noodles,Snacks,14,33,sale,2025-11-05,demo_script
Parle-G Biscuits,Snacks,10,36,sale,2025-11-05,demo_script
Lays Chips (Small),Snacks,20,14,sale,2025-11-05,demo_script
Britannia Bread,Bakery,45,13,sale,2025-11-05,demo_script
Tata Tea Gold (500g),Beverages,280,5,sale,2025-11-05,demo_script
Nescafe Classic (50g),Beverages,160,3,sale,2025-11-05,demo_script
Amul Milk (500ml),Dairy,30,51,sale,2025-11-05,demo_script
Surf Excel (1kg),Household,250,3,sale,2025-11-05,demo_script
Vim Dishwash Bar,Household,35,5,sale,2025-11-05,demo_script
Lux Soap,Personal Care,48,3,sale,2025-11-05,demo_script
Colgate Toothpaste,Personal Care,95,5,sale,2025-11-05,demo_script
Eggs (dozen),Daily Essentials,80,10,sale,2025-11-05,demo_script
Amul Butter (100g),Dairy,56,6,sale,2025-11-05,demo_script
Toor Dal,Pulses & Grains,160,7,sale,2025-11-06,demo_script
Basmati Rice (5kg),Pulses & Grains,450,5,sale,2025-11-06,demo_script
Aashirvaad Atta (10kg),Pulses & Grains,520,3,sale,2025-11-06,demo_script
Sugar,Pulses & Grains,45,11,sale,2025-11-06,demo_script
Fortune Sunflower Oil (1L),Cooking,180,12,sale,2025-11-06,demo_script
MDH Garam Masala,Cooking,85,6,sale,2025-11-06,demo_script
Saffola Gold Oil (1L),Cooking,220,4,sale,2025-11-06,demo_script
Maggi Noodles,Snacks,14,41,sale,2025-11-06,demo_script
Parle-G Biscuits,Snacks,10,43,sale,2025-11-06,demo_script
Lays Chips (Small),Snacks,20,30,sale,2025-11-06,demo_script
Britannia Bread,Bakery,45,12,sale,2025-11-06,demo_script
Tata Tea Gold (500g),Beverages,280,3,sale,2025-11-06,demo_script
Nescafe Classic (50g),Beverages,160,3,sale,2025-11-06,demo_script
Amul Milk (500ml),Dairy,30,62,sale,2025-11-06,demo_script
Surf Excel (1kg),Household,250,2,sale,2025-11-06,demo_script
Vim Dishwash Bar,Household,35,5,sale,2025-11-06,demo_script
Lux Soap,Personal Care,48,4,sale,2025-11-06,demo_script
Colgate Toothpaste,Personal Care,95,4,sale,2025-11-06,demo_script
Eggs (dozen),Daily Essentials,80,9,sale,2025-11-06,demo_script
Amul Butter (100g),Dairy,56,9,sale,2025-11-06,demo_script
Toor Dal,Pulses & Grains,160,8,sale,2025-11-07,demo_script
Basmati Rice (5kg),Pulses & Grains,450,6,sale,2025-11-07,demo_script
Aashirvaad Atta (10kg),Pulses & Grains,520,5,sale,2025-11-07,demo_script
Sugar,Pulses & Grains,45,13,sale,2025-11-07,demo_script
Fortune Sunflower Oil (1L),Cooking,180,8,sale,2025-11-07,demo_script
MDH Garam Masala,Cooking,85,4,sale,2025-11-07,demo_script
Saffola Gold Oil (1L),Cooking,220,4,sale,2025-11-07,demo_script
Maggi Noodles,Snacks,14,32,sale,2025-11-07,demo_script
Parle-G Biscuits,Snacks,10,60,sale,2025-11-07,demo_script
Lays Chips (Small),Snacks,20,25,sale,2025-11-07,demo_script
Britannia Bread,Bakery,45,8,sale,2025-11-07,demo_script
Tata Tea Gold (500g),Beverages,280,3,sale,2025-11-07,demo_script
Nescafe Classic (50g),Beverages,160,3,sale,2025-11-07,demo_script
Amul Milk (500ml),Dairy,30,73,sale,2025-11-07,demo_script
Surf Excel (1kg),Household,250,3,sale,2025-11-07,demo_script
Vim Dishwash Bar,Household,35,4,sale,2025-11-07,demo_script
Lux Soap,Personal Care,48,6,sale,2025-11-07,demo_script
Colgate Toothpaste,Personal Care,95,2,sale,2025-11-07,demo_script
Eggs (dozen),Daily Essentials,80,12,sale,2025-11-07,demo_script
Amul Butter (100g),Dairy,56,12,sale,2025-11-07,demo_script
Toor Dal,Pulses & Grains,160,12,sale,2025-11-08,demo_script
Basmati Rice (5kg),Pulses & Grains,450,10,sale,2025-11-08,demo_script
Aashirvaad Atta (10kg),Pulses & Grains,520,8,sale,2025-11-08,demo_script
Sugar,Pulses & Grains,45,10,sale,2025-11-08,demo_script
Fortune Sunflower Oil (1L),Cooking,180,17,sale,2025-11-08,demo_script
MDH Garam Masala,Cooking,85,9,sale,2025-11-08,demo_script
Saffola Gold Oil (1L),Cooking,220,8,sale,2025-11-08,demo_script
Maggi Noodles,Snacks,14,44,sale,2025-11-08,demo_script
Parle-G Biscuits,Snacks,10,49,sale,2025-11-08,demo_script
Lays Chips (Small),Snacks,20,32,sale,2025-11-08,demo_script
Britannia Bread,Bakery,45,12,sale,2025-11-08,demo_script
Tata Tea Gold (500g),Beverages,280,5,sale,2025-11-08,demo_script
Nescafe Classic (50g),Beverages,160,3,sale,2025-11-08,demo_script
Amul Milk (500ml),Dairy,30,72,sale,2025-11-08,demo_script
Surf Excel (1kg),Household,250,5,sale,2025-11-08,demo_script
Vim Dishwash Bar,Household,35,10,sale,2025-11-08,demo_script
Lux Soap,Personal Care,48,6,sale,2025-11-08,demo_script
Colgate Toothpaste,Personal Care,95,3,sale,2025-11-08,demo_script
Eggs (dozen),Daily Essentials,80,8,sale,2025-11-08,demo_script
Amul Butter (100g),Dairy,56,8,sale,2025-11-08,demo_script
Toor Dal,Pulses & Grains,160,9,sale,2025-11-09,demo_script
Basmati Rice (5kg),Pulses & Grains,450,6,sale,2025-11-09,demo_script
Aashirvaad Atta (10kg),Pulses & Grains,520,6,sale,2025-11-09,demo_script
Sugar,Pulses & Grains,45,15,sale,2025-11-09,demo_script
Fortune Sunflower Oil (1L),Cooking,180,14,sale,2025-11-09,demo_script
MDH Garam Masala,Cooking,85,6,sale,2025-11-09,demo_script
Saffola Gold Oil (1L),Cooking,220,6,sale,2025-11-09,demo_script
Maggi Noodles,Snacks,14,54,sale,2025-11-09,demo_script
Parle-G Biscuits,Snacks,10,67,sale,2025-11-09,demo_script
Lays Chips (Small),Snacks,20,27,sale,2025-11-09,demo_script
Britannia Bread,Bakery,45,15,sale,2025-11-09,demo_script
Tata Tea Gold (500g),Beverages,280,4,sale,2025-11-09,demo_script
Nescafe Classic (50g),Beverages,160,2,sale,2025-11-09,demo_script
Amul Milk (500ml),Dairy,30,94,sale,2025-11-09,demo_script
Surf Excel (1kg),Household,250,5,sale,2025-11-09,demo_script
Vim Dishwash Bar,Household,35,5,sale,2025-11-09,demo_script
Lux Soap,Personal Care,48,6,sale,2025-11-09,demo_script
Colgate Toothpaste,Personal Care,95,5,sale,2025-11-09,demo_script
Eggs (dozen),Daily Essentials,80,9,sale,2025-11-09,demo_script
Amul Butter (100g),Dairy,56,16,sale,2025-11-09,demo_script
Toor Dal,Pulses & Grains,160,6,sale,2025-11-10,demo_script
Toor Dal,Pulses & Grains,160,115,restock,2025-11-10,demo_script
Basmati Rice (5kg),Pulses & Grains,450,3,sale,2025-11-10,demo_script
Basmati Rice (5kg),Pulses & Grains,450,94,restock,2025-11-10,demo_script
Aashirvaad Atta (10kg),Pulses & Grains,520,5,sale,2025-11-10,demo_script
Aashirvaad Atta (10kg),Pulses & Grains,520,70,restock,2025-11-10,demo_script
Sugar,Pulses & Grains,45,12,sale,2025-11-10,demo_script
Sugar,Pulses & Grains,45,154,restock,2025-11-10,demo_script
Fortune Sunflower Oil (1L),Cooking,180,14,sale,2025-11-10,demo_script
Fortune Sunflower Oil (1L),Cooking,180,109,restock,2025-11-10,demo_script
MDH Garam Masala,Cooking,85,6,sale,2025-11-10,demo_script
MDH Garam Masala,Cooking,85,55,restock,2025-11-10,demo_script
Saffola Gold Oil (1L),Cooking,220,3,sale,2025-11-10,demo_script
Saffola Gold Oil (1L),Cooking,220,47,restock,2025-11-10,demo_script
Maggi Noodles,Snacks,14,49,sale,2025-11-10,demo_script
Maggi Noodles,Snacks,14,402,restock,2025-11-10,demo_script
Parle-G Biscuits,Snacks,10,30,sale,2025-11-10,demo_script
Parle-G Biscuits,Snacks,10,468,restock,2025-11-10,demo_script
Lays Chips (Small),Snacks,20,32,sale,2025-11-10,demo_script
Lays Chips (Small),Snacks,20,241,restock,2025-11-10,demo_script
Britannia Bread,Bakery,45,15,sale,2025-11-10,demo_script
Britannia Bread,Bakery,45,183,restock,2025-11-10,demo_script
Tata Tea Gold (500g),Beverages,280,3,sale,2025-11-10,demo_script
Tata Tea Gold (500g),Beverages,280,52,restock,2025-11-10,demo_script
Nescafe Classic (50g),Beverages,160,2,sale,2025-11-10,demo_script
Nescafe Classic (50g),Beverages,160,47,restock,2025-11-10,demo_script
Amul Milk (500ml),Dairy,30,38,sale,2025-11-10,demo_script
Amul Milk (500ml),Dairy,30,457,restock,2025-11-10,demo_script
Surf Excel (1kg),Household,250,3,sale,2025-11-10,demo_script
Surf Excel (1kg),Household,250,60,restock,2025-11-10,demo_script
Vim Dishwash Bar,Household,35,5,sale,2025-11-10,demo_script
Vim Dishwash Bar,Household,35,91,restock,2025-11-10,demo_script
Lux Soap,Personal Care,48,4,sale,2025-11-10,demo_script
Lux Soap,Personal Care,48,77,restock,2025-11-10,demo_script
Colgate Toothpaste,Personal Care,95,4,sale,2025-11-10,demo_script
Colgate Toothpaste,Personal Care,95,59,restock,2025-11-10,demo_script
Eggs (dozen),Daily Essentials,80,12,sale,2025-11-10,demo_script
Eggs (dozen),Daily Essentials,80,162,restock,2025-11-10,demo_script
Amul Butter (100g),Dairy,56,9,sale,2025-11-10,demo_script
Amul Butter (100g),Dairy,56,92,restock,2025-11-10,demo_script
Toor Dal,Pulses & Grains,160,10,sale,2025-11-11,demo_script
Basmati Rice (5kg),Pulses & Grains,450,5,sale,2025-11-11,demo_script
Aashirvaad Atta (10kg),Pulses & Grains,520,6,sale,2025-11-11,demo_script
Sugar,Pulses & Grains,45,6,sale,2025-11-11,demo_script
Fortune Sunflower Oil (1L),Cooking,180,9,sale,2025-11-11,demo_script
MDH Garam Masala,Cooking,85,6,sale,2025-11-11,demo_script
Saffola Gold Oil (1L),Cooking,220,3,sale,2025-11-11,demo_script
Maggi Noodles,Snacks,14,40,sale,2025-11-11,demo_script
Parle-G Biscuits,Snacks,10,62,sale,2025-11-11,demo_script
Lays Chips (Small),Snacks,20,28,sale,2025-11-11,demo_script
Britannia Bread,Bakery,45,9,sale,2025-11-11,demo_script
Tata Tea Gold (500g),Beverages,280,5,sale,2025-11-11,demo_script
Nescafe Classic (50g),Beverages,160,2,sale,2025-11-11,demo_script
Amul Milk (500ml),Dairy,30,59,sale,2025-11-11,demo_script
Surf Excel (1kg),Household,250,4,sale,2025-11-11,demo_script
Vim Dishwash Bar,Household,35,6,sale,2025-11-11,demo_script
Lux Soap,Personal Care,48,6,sale,2025-11-11,demo_script
Colgate Toothpaste,Personal Care,95,2,sale,2025-11-11,demo_script
Eggs (dozen),Daily Essentials,80,12,sale,2025-11-11,demo_script
Amul Butter (100g),Dairy,56,9,sale,2025-11-11,demo_script
Toor Dal,Pulses & Grains,160,9,sale,2025-11-12,demo_script
Basmati Rice (5kg),Pulses & Grains,450,5,sale,2025-11-12,demo_script
Aashirvaad Atta (10kg),Pulses & Grains,520,3,sale,2025-11-12,demo_script
Sugar,Pulses & Grains,45,7,sale,2025-11-12,demo_script
Fortune Sunflower Oil (1L),Cooking,180,8,sale,2025-11-12,demo_script
MDH Garam Masala,Cooking,85,6,sale,2025-11-12,demo_script
Saffola Gold Oil (1L),Cooking,220,3,sale,2025-11-12,demo_script
Maggi Noodles,Snacks,14,46,sale,2025-11-12,demo_script
Parle-G Biscuits,Snacks,10,52,sale,2025-11-12,demo_script
Lays Chips (Small),Snacks,20,20,sale,2025-11-12,demo_script
Britannia Bread,Bakery,45,14,sale,2025-11-12,demo_script
Tata Tea Gold (500g),Beverages,280,3,sale,2025-11-12,demo_script
Nescafe Classic (50g),Beverages,160,3,sale,2025-11-12,demo_script
Amul Milk (500ml),Dairy,30,51,sale,2025-11-12,demo_script
Surf Excel (1kg),Household,250,3,sale,2025-11-12,demo_script
Vim Dishwash Bar,Household,35,6,sale,2025-11-12,demo_script
Lux Soap,Personal Care,48,4,sale,2025-11-12,demo_script
Colgate Toothpaste,Personal Care,95,3,sale,2025-11-12,demo_script
Eggs (dozen),Daily Essentials,80,7,sale,2025-11-12,demo_script
Amul Butter (100g),Dairy,56,11,sale,2025-11-12,demo_script
Toor Dal,Pulses & Grains,160,8,sale,2025-11-13,demo_script
Basmati Rice (5kg),Pulses & Grains,450,4,sale,2025-11-13,demo_script
Aashirvaad Atta (10kg),Pulses & Grains,520,5,sale,2025-11-13,demo_script
Sugar,Pulses & Grains,45,7,sale,2025-11-13,demo_script
Fortune Sunflower Oil (1L),Cooking,180,9,sale,2025-11-13,demo_script
MDH Garam Masala,Cooking,85,4,sale,2025-11-13,demo_script
Saffola Gold Oil (1L),Cooking,220,3,sale,2025-11-13,demo_script
Maggi Noodles,Snacks,14,25,sale,2025-11-13,demo_script
Parle-G Biscuits,Snacks,10,52,sale,2025-11-13,demo_script
Lays Chips (Small),Snacks,20,22,sale,2025-11-13,demo_script
Britannia Bread,Bakery,45,12,sale,2025-11-13,demo_script
Tata Tea Gold (500g),Beverages,280,2,sale,2025-11-13,demo_script
Nescafe Classic (50g),Beverages,160,2,sale,2025-11-13,demo_script
Amul Milk (500ml),Dairy,30,51,sale,2025-11-13,demo_script
Surf Excel (1kg),Household,250,4,sale,2025-11-13,demo_script
Vim Dishwash Bar,Household,35,6,sale,2025-11-13,demo_script
Lux Soap,Personal Care,48,3,sale,2025-11-13,demo_script
Colgate Toothpaste,Personal Care,95,3,sale,2025-11-13,demo_script
Eggs (dozen),Daily Essentials,80,11,sale,2025-11-13,demo_script
Amul Butter (100g),Dairy,56,11,sale,2025-11-13,demo_script
Toor Dal,Pulses & Grains,160,7,sale,2025-11-14,demo_script
Basmati Rice (5kg),Pulses & Grains,450,7,sale,2025-11-14,demo_script
Aashirvaad Atta (10kg),Pulses & Grains,520,5,sale,2025-11-14,demo_script
Sugar,Pulses & Grains,45,13,sale,2025-11-14,demo_script
Fortune Sunflower Oil (1L),Cooking,180,8,sale,2025-11-14,demo_script
MDH Garam Masala,Cooking,85,4,sale,2025-11-14,demo_script
Saffola Gold Oil (1L),Cooking,220,4,sale,2025-11-14,demo_script
Maggi Noodles,Snacks,14,27,sale,2025-11-14,demo_script
Parle-G Biscuits,Snacks,10,44,sale,2025-11-14,demo_script
Lays Chips (Small),Snacks,20,27,sale,2025-11-14,demo_script
Britannia Bread,Bakery,45,15,sale,2025-11-14,demo_script
Tata Tea Gold (500g),Beverages,280,4,sale,2025-11-14,demo_script
Nescafe Classic (50g),Beverages,160,2,sale,2025-11-14,demo_script
Amul Milk (500ml),Dairy,30,41,sale,2025-11-14,demo_script
Surf Excel (1kg),Household,250,2,sale,2025-11-14,demo_script
Vim Dishwash Bar,Household,35,6,sale,2025-11-14,demo_script
Lux Soap,Personal Care,48,4,sale,2025-11-14,demo_script
Colgate Toothpaste,Personal Care,95,3,sale,2025-11-14,demo_script
Eggs (dozen),Daily Essentials,80,8,sale,2025-11-14,demo_script
Amul Butter (100g),Dairy,56,11,sale,2025-11-14,demo_script
Toor Dal,Pulses & Grains,160,14,sale,2025-11-15,demo_script
Toor Dal,Pulses & Grains,160,119,restock,2025-11-15,demo_script
Basmati Rice (5kg),Pulses & Grains,450,8,sale,2025-11-15,demo_script
Basmati Rice (5kg),Pulses & Grains,450,93,restock,2025-11-15,demo_script
Aashirvaad Atta (10kg),Pulses & Grains,520,4,sale,2025-11-15,demo_script
Aashirvaad Atta (10kg),Pulses & Grains,520,83,restock,2025-11-15,demo_script
Sugar,Pulses & Grains,45,12,sale,2025-11-15,demo_script
Sugar,Pulses & Grains,45,158,restock,2025-11-15,demo_script
Fortune Sunflower Oil (1L),Cooking,180,19,sale,2025-11-15,demo_script
Fortune Sunflower Oil (1L),Cooking,180,91,restock,2025-11-15,demo_script
MDH Garam Masala,Cooking,85,6,sale,2025-11-15,demo_script
MDH Garam Masala,Cooking,85,60,restock,2025-11-15,demo_script
Saffola Gold Oil (1L),Cooking,220,3,sale,2025-11-15,demo_script
Saffola Gold Oil (1L),Cooking,220,50,restock,2025-11-15,demo_script
Maggi Noodles,Snacks,14,43,sale,2025-11-15,demo_script
Maggi Noodles,Snacks,14,384,restock,2025-11-15,demo_script
Parle-G Biscuits,Snacks,10,51,sale,2025-11-15,demo_script
Parle-G Biscuits,Snacks,10,381,restock,2025-11-15,demo_script
Lays Chips (Small),Snacks,20,25,sale,2025-11-15,demo_script
Lays Chips (Small),Snacks,20,245,restock,2025-11-15,demo_script
Britannia Bread,Bakery,45,16,sale,2025-11-15,demo_script
Britannia Bread,Bakery,45,174,restock,2025-11-15,demo_script
Tata Tea Gold (500g),Beverages,280,5,sale,2025-11-15,demo_script
Tata Tea Gold (500g),Beverages,280,55,restock,2025-11-15,demo_script
Nescafe Classic (50g),Beverages,160,5,sale,2025-11-15,demo_script
Nescafe Classic (50g),Beverages,160,49,restock,2025-11-15,demo_script
Amul Milk (500ml),Dairy,30,100,sale,2025-11-15,demo_script
Amul Milk (500ml),Dairy,30,525,restock,2025-11-15,demo_script
Surf Excel (1kg),Household,250,4,sale,2025-11-15,demo_script
Surf Excel (1kg),Household,250,62,restock,2025-11-15,demo_script
Vim Dishwash Bar,Household,35,9,sale,2025-11-15,demo_script
Vim Dishwash Bar,Household,35,86,restock,2025-11-15,demo_script
Lux Soap,Personal Care,48,6,sale,2025-11-15,demo_script
Lux Soap,Personal Care,48,75,restock,2025-11-15,demo_script
Colgate Toothpaste,Personal Care,95,4,sale,2025-11-15,demo_script
Colgate Toothpaste,Personal Care,95,62,restock,2025-11-15,demo_script
Eggs (dozen),Daily Essentials,80,12,sale,2025-11-15,demo_script
Eggs (dozen),Daily Essentials,80,135,restock,2025-11-15,demo_script
Amul Butter (100g),Dairy,56,16,sale,2025-11-15,demo_script
Amul Butter (100g),Dairy,56,95,restock,2025-11-15,demo_script
Toor Dal,Pulses & Grains,160,7,sale,2025-11-16,demo_script
Basmati Rice (5kg),Pulses & Grains,450,10,sale,2025-11-16,demo_script
Aashirvaad Atta (10kg),Pulses & Grains,520,8,sale,2025-11-16,demo_script
Sugar,Pulses & Grains,45,10,sale,2025-11-16,demo_script
Fortune Sunflower Oil (1L),Cooking,180,11,sale,2025-11-16,demo_script
MDH Garam Masala,Cooking,85,6,sale,2025-11-16,demo_script
Saffola Gold Oil (1L),Cooking,220,8,sale,2025-11-16,demo_script
Maggi Noodles,Snacks,14,44,sale,2025-11-16,demo_script
Parle-G Biscuits,Snacks,10,75,sale,2025-11-16,demo_script
Lays Chips (Small),Snacks,20,27,sale,2025-11-16,demo_script
Britannia Bread,Bakery,45,19,sale,2025-11-16,demo_script
Tata Tea Gold (500g),Beverages,280,5,sale,2025-11-16,demo_script
Nescafe Classic (50g),Beverages,160,4,sale,2025-11-16,demo_script
Amul Milk (500ml),Dairy,30,72,sale,2025-11-16,demo_script
Surf Excel (1kg),Household,250,3,sale,2025-11-16,demo_script
Vim Dishwash Bar,Household,35,8,sale,2025-11-16,demo_script
Lux Soap,Personal Care,48,7,sale,2025-11-16,demo_script
Colgate Toothpaste,Personal Care,95,5,sale,2025-11-16,demo_script
Eggs (dozen),Daily Essentials,80,14,sale,2025-11-16,demo_script
Amul Butter (100g),Dairy,56,16,sale,2025-11-16,demo_script
Toor Dal,Pulses & Grains,160,6,sale,2025-11-17,demo_script
Basmati Rice (5kg),Pulses & Grains,450,5,sale,2025-11-17,demo_script
Aashirvaad Atta (10kg),Pulses & Grains,520,3,sale,2025-11-17,demo_script
Sugar,Pulses & Grains,45,12,sale,2025-11-17,demo_script
Fortune Sunflower Oil (1L),Cooking,180,6,sale,2025-11-17,demo_script
MDH Garam Masala,Cooking,85,6,sale,2025-11-17,demo_script
Saffola Gold Oil (1L),Cooking,220,4,sale,2025-11-17,demo_script
Maggi Noodles,Snacks,14,44,sale,2025-11-17,demo_script
Parle-G Biscuits,Snacks,10,35,sale,2025-11-17,demo_script
Lays Chips (Small),Snacks,20,24,sale,2025-11-17,demo_script
Britannia Bread,Bakery,45,12,sale,2025-11-17,demo_script
Tata Tea Gold (500g),Beverages,280,3,sale,2025-11-17,demo_script
Nescafe Classic (50g),Beverages,160,3,sale,2025-11-17,demo_script
Amul Milk (500ml),Dairy,30,56,sale,2025-11-17,demo_script
Surf Excel (1kg),Household,250,2,sale,2025-11-17,demo_script
Vim Dishwash Bar,Household,35,5,sale,2025-11-17,demo_script
Lux Soap,Personal Care,48,5,sale,2025-11-17,demo_script
Colgate Toothpaste,Personal Care,95,3,sale,2025-11-17,demo_script
Eggs (dozen),Daily Essentials,80,9,sale,2025-11-17,demo_script
Amul Butter (100g),Dairy,56,9,sale,2025-11-17,demo_script
Toor Dal,Pulses & Grains,160,10,sale,2025-11-18,demo_script
Basmati Rice (5kg),Pulses & Grains,450,6,sale,2025-11-18,demo_script
Aashirvaad Atta (10kg),Pulses & Grains,520,4,sale,2025-11-18,demo_script
Sugar,Pulses & Grains,45,9,sale,2025-11-18,demo_script
Fortune Sunflower Oil (1L),Cooking,180,11,sale,2025-11-18,demo_script
MDH Garam Masala,Cooking,85,8,sale,2025-11-18,demo_script
Saffola Gold Oil (1L),Cooking,220,4,sale,2025-11-18,demo_script
Maggi Noodles,Snacks,14,51,sale,2025-11-18,demo_script
Parle-G Biscuits,Snacks,10,49,sale,2025-11-18,demo_script
Lays Chips (Small),Snacks,20,20,sale,2025-11-18,demo_script
Britannia Bread,Bakery,45,9,sale,2025-11-18,demo_script
Tata Tea Gold (500g),Beverages,280,4,sale,2025-11-18,demo_script
Nescafe Classic (50g),Beverages,160,3,sale,2025-11-18,demo_script
Amul Milk (500ml),Dairy,30,51,sale,2025-11-18,demo_script
Surf Excel (1kg),Household,250,4,sale,2025-11-18,demo_script
Vim Dishwash Bar,Household,35,6,sale,2025-11-18,demo_script
Lux Soap,Personal Care,48,4,sale,2025-11-18,demo_script
Colgate Toothpaste,Personal Care,95,4,sale,2025-11-18,demo_script
Eggs (dozen),Daily Essentials,80,11,sale,2025-11-18,demo_script
Amul Butter (100g),Dairy,56,9,sale,2025-11-18,demo_script
Toor Dal,Pulses & Grains,160,5,sale,2025-11-19,demo_script
Basmati Rice (5kg),Pulses & Grains,450,4,sale,2025-11-19,demo_script
Aashirvaad Atta (10kg),Pulses & Grains,520,5,sale,2025-11-19,demo_script
Sugar,Pulses & Grains,45,11,sale,2025-11-19,demo_script
Fortune Sunflower Oil (1L),Cooking,180,11,sale,2025-11-19,demo_script
MDH Garam Masala,Cooking,85,8,sale,2025-11-19,demo_script
Saffola Gold Oil (1L),Cooking,220,3,sale,2025-11-19,demo_script
Maggi Noodles,Snacks,14,28,sale,2025-11-19,demo_script
Parle-G Biscuits,Snacks,10,38,sale,2025-11-19,demo_script
Lays Chips (Small),Snacks,20,22,sale,2025-11-19,demo_script
Britannia Bread,Bakery,45,14,sale,2025-11-19,demo_script
Tata Tea Gold (500g),Beverages,280,4,sale,2025-11-19,demo_script
Nescafe Classic (50g),Beverages,160,3,sale,2025-11-19,demo_script
Amul Milk (500ml),Dairy,30,46,sale,2025-11-19,demo_script
Surf Excel (1kg),Household,250,3,sale,2025-11-19,demo_script
Vim Dishwash Bar,Household,35,7,sale,2025-11-19,demo_script
Lux Soap,Personal Care,48,5,sale,2025-11-19,demo_script
Colgate Toothpaste,Personal Care,95,4,sale,2025-11-19,demo_script
Eggs (dozen),Daily Essentials,80,8,sale,2025-11-19,demo_script
Amul Butter (100g),Dairy,56,9,sale,2025-11-19,demo_script
Toor Dal,Pulses & Grains,160,7,sale,2025-11-20,demo_script
Toor Dal,Pulses & Grains,160,122,restock,2025-11-20,demo_script
Basmati Rice (5kg),Pulses & Grains,450,4,sale,2025-11-20,demo_script
Basmati Rice (5kg),Pulses & Grains,450,80,restock,2025-11-20,demo_script
Aashirvaad Atta (10kg),Pulses & Grains,520,4,sale,2025-11-20,demo_script
Aashirvaad Atta (10kg),Pulses & Grains,520,67,restock,2025-11-20,demo_script
Sugar,Pulses & Grains,45,8,sale,2025-11-20,demo_script
Sugar,Pulses & Grains,45,134,restock,2025-11-20,demo_script
Fortune Sunflower Oil (1L),Cooking,180,6,sale,2025-11-20,demo_script
Fortune Sunflower Oil (1L),Cooking,180,106,restock,2025-11-20,demo_script
MDH Garam Masala,Cooking,85,6,sale,2025-11-20,demo_script
MDH Garam Masala,Cooking,85,61,restock,2025-11-20,demo_script
Saffola Gold Oil (1L),Cooking,220,4,sale,2025-11-20,demo_script
Saffola Gold Oil (1L),Cooking,220,42,restock,2025-11-20,demo_script
Maggi Noodles,Snacks,14,49,sale,2025-11-20,demo_script
Maggi Noodles,Snacks,14,366,restock,2025-11-20,demo_script
Parle-G Biscuits,Snacks,10,40,sale,2025-11-20,demo_script
Parle-G Biscuits,Snacks,10,434,restock,2025-11-20,demo_script
Lays Chips (Small),Snacks,20,24,sale,2025-11-20,demo_script
Lays Chips (Small),Snacks,20,194,restock,2025-11-20,demo_script
Britannia Bread,Bakery,45,15,sale,2025-11-20,demo_script
Britannia Bread,Bakery,45,200,restock,2025-11-20,demo_script
Tata Tea Gold (500g),Beverages,280,4,sale,2025-11-20,demo_script
Tata Tea Gold (500g),Beverages,280,64,restock,2025-11-20,demo_script
Nescafe Classic (50g),Beverages,160,3,sale,2025-11-20,demo_script
Nescafe Classic (50g),Beverages,160,41,restock,2025-11-20,demo_script
Amul Milk (500ml),Dairy,30,67,sale,2025-11-20,demo_script
Amul Milk (500ml),Dairy,30,579,restock,2025-11-20,demo_script
Surf Excel (1kg),Household,250,4,sale,2025-11-20,demo_script
Surf Excel (1kg),Household,250,53,restock,2025-11-20,demo_script
Vim Dishwash Bar,Household,35,3,sale,2025-11-20,demo_script
Vim Dishwash Bar,Household,35,100,restock,2025-11-20,demo_script
Lux Soap,Personal Care,48,5,sale,2025-11-20,demo_script
Lux Soap,Personal Care,48,74,restock,2025-11-20,demo_script
Colgate Toothpaste,Personal Care,95,3,sale,2025-11-20,demo_script
Colgate Toothpaste,Personal Care,95,64,restock,2025-11-20,demo_script
Eggs (dozen),Daily Essentials,80,9,sale,2025-11-20,demo_script
Eggs (dozen),Daily Essentials,80,134,restock,2025-11-20,demo_script
Amul Butter (100g),Dairy,56,4,sale,2025-11-20,demo_script
Amul Butter (100g),Dairy,56,85,restock,2025-11-20,demo_script
Toor Dal,Pulses & Grains,160,8,sale,2025-11-21,demo_script
Basmati Rice (5kg),Pulses & Grains,450,4,sale,2025-11-21,demo_script
Aashirvaad Atta (10kg),Pulses & Grains,520,5,sale,2025-11-21,demo_script
Sugar,Pulses & Grains,45,10,sale,2025-11-21,demo_script
Fortune Sunflower Oil (1L),Cooking,180,6,sale,2025-11-21,demo_script
MDH Garam Masala,Cooking,85,6,sale,2025-11-21,demo_script
Saffola Gold Oil (1L),Cooking,220,3,sale,2025-11-21,demo_script
Maggi Noodles,Snacks,14,35,sale,2025-11-21,demo_script
Parle-G Biscuits,Snacks,10,44,sale,2025-11-21,demo_script
Lays Chips (Small),Snacks,20,25,sale,2025-11-21,demo_script
Britannia Bread,Bakery,45,15,sale,2025-11-21,demo_script
Tata Tea Gold (500g),Beverages,280,4,sale,2025-11-21,demo_script
Nescafe Classic (50g),Beverages,160,3,sale,2025-11-21,demo_script
Amul Milk (500ml),Dairy,30,52,sale,2025-11-21,demo_script
Surf Excel (1kg),Household,250,3,sale,2025-11-21,demo_script
Vim Dishwash Bar,Household,35,5,sale,2025-11-21,demo_script
Lux Soap,Personal Care,48,4,sale,2025-11-21,demo_script
Colgate Toothpaste,Personal Care,95,5,sale,2025-11-21,demo_script
Eggs (dozen),Daily Essentials,80,7,sale,2025-11-21,demo_script
Amul Butter (100g),Dairy,56,6,sale,2025-11-21,demo_script
Toor Dal,Pulses & Grains,160,11,sale,2025-11-22,demo_script
Basmati Rice (5kg),Pulses & Grains,450,6,sale,2025-11-22,demo_script
Aashirvaad Atta (10kg),Pulses & Grains,520,4,sale,2025-11-22,demo_script
Sugar,Pulses & Grains,45,10,sale,2025-11-22,demo_script
Fortune Sunflower Oil (1L),Cooking,180,17,sale,2025-11-22,demo_script
MDH Garam Masala,Cooking,85,8,sale,2025-11-22,demo_script
Saffola Gold Oil (1L),Cooking,220,4,sale,2025-11-22,demo_script
Maggi Noodles,Snacks,14,57,sale,2025-11-22,demo_script
Parle-G Biscuits,Snacks,10,56,sale,2025-11-22,demo_script
Lays Chips (Small),Snacks,20,40,sale,2025-11-22,demo_script
Britannia Bread,Bakery,45,17,sale,2025-11-22,demo_script
Tata Tea Gold (500g),Beverages,280,6,sale,2025-11-22,demo_script
Nescafe Classic (50g),Beverages,160,4,sale,2025-11-22,demo_script
Amul Milk (500ml),Dairy,30,89,sale,2025-11-22,demo_script
Surf Excel (1kg),Household,250,7,sale,2025-11-22,demo_script
Vim Dishwash Bar,Household,35,5,sale,2025-11-22,demo_script
Lux Soap,Personal Care,48,5,sale,2025-11-22,demo_script
Colgate Toothpaste,Personal Care,95,4,sale,2025-11-22,demo_script
Eggs (dozen),Daily Essentials,80,12,sale,2025-11-22,demo_script
Amul Butter (100g),Dairy,56,11,sale,2025-11-22,demo_script
Toor Dal,Pulses & Grains,160,8,sale,2025-11-23,demo_script
Basmati Rice (5kg),Pulses & Grains,450,9,sale,2025-11-23,demo_script
Aashirvaad Atta (10kg),Pulses & Grains,520,5,sale,2025-11-23,demo_script
Sugar,Pulses & Grains,45,16,sale,2025-11-23,demo_script
Fortune Sunflower Oil (1L),Cooking,180,16,sale,2025-11-23,demo_script
MDH Garam Masala,Cooking,85,6,sale,2025-11-23,demo_script
Saffola Gold Oil (1L),Cooking,220,6,sale,2025-11-23,demo_script
Maggi Noodles,Snacks,14,57,sale,2025-11-23,demo_script
Parle-G Biscuits,Snacks,10,86,sale,2025-11-23,demo_script
Lays Chips (Small),Snacks,20,35,sale,2025-11-23,demo_script
Britannia Bread,Bakery,45,20,sale,2025-11-23,demo_script
Tata Tea Gold (500g),Beverages,280,5,sale,2025-11-23,demo_script
Nescafe Classic (50g),Beverages,160,4,sale,2025-11-23,demo_script
Amul Milk (500ml),Dairy,30,96,sale,2025-11-23,demo_script
Surf Excel (1kg),Household,250,4,sale,2025-11-23,demo_script
Vim Dishwash Bar,Household,35,9,sale,2025-11-23,demo_script
Lux Soap,Personal Care,48,9,sale,2025-11-23,demo_script
Colgate Toothpaste,Personal Care,95,7,sale,2025-11-23,demo_script
Eggs (dozen),Daily Essentials,80,15,sale,2025-11-23,demo_script
Amul Butter (100g),Dairy,56,16,sale,2025-11-23,demo_script
Toor Dal,Pulses & Grains,160,7,sale,2025-11-24,demo_script
Basmati Rice (5kg),Pulses & Grains,450,4,sale,2025-11-24,demo_script
Aashirvaad Atta (10kg),Pulses & Grains,520,5,sale,2025-11-24,demo_script
Sugar,Pulses & Grains,45,11,sale,2025-11-24,demo_script
Fortune Sunflower Oil (1L),Cooking,180,8,sale,2025-11-24,demo_script
MDH Garam Masala,Cooking,85,6,sale,2025-11-24,demo_script
Saffola Gold Oil (1L),Cooking,220,3,sale,2025-11-24,demo_script
Maggi Noodles,Snacks,14,48,sale,2025-11-24,demo_script
Parle-G Biscuits,Snacks,10,35,sale,2025-11-24,demo_script
Lays Chips (Small),Snacks,20,22,sale,2025-11-24,demo_script
Britannia Bread,Bakery,45,10,sale,2025-11-24,demo_script
Tata Tea Gold (500g),Beverages,280,5,sale,2025-11-24,demo_script
Nescafe Classic (50g),Beverages,160,2,sale,2025-11-24,demo_script
Amul Milk (500ml),Dairy,30,72,sale,2025-11-24,demo_script
Surf Excel (1kg),Household,250,5,sale,2025-11-24,demo_script
Vim Dishwash Bar,Household,35,4,sale,2025-11-24,demo_script
Lux Soap,Personal Care,48,6,sale,2025-11-24,demo_script
Colgate Toothpaste,Personal Care,95,4,sale,2025-11-24,demo_script
Eggs (dozen),Daily Essentials,80,11,sale,2025-11-24,demo_script
Amul Butter (100g),Dairy,56,9,sale,2025-11-24,demo_script
Toor Dal,Pulses & Grains,160,7,sale,2025-11-25,demo_script
Basmati Rice (5kg),Pulses & Grains,450,5,sale,2025-11-25,demo_script
Aashirvaad Atta (10kg),Pulses & Grains,520,3,sale,2025-11-25,demo_script
Sugar,Pulses & Grains,45,15,sale,2025-11-25,demo_script
Fortune Sunflower Oil (1L),Cooking,180,12,sale,2025-11-25,demo_script
MDH Garam Masala,Cooking,85,6,sale,2025-11-25,demo_script
Saffola Gold Oil (1L),Cooking,220,3,sale,2025-11-25,demo_script
Maggi Noodles,Snacks,14,25,sale,2025-11-25,demo_script
Parle-G Biscuits,Snacks,10,56,sale,2025-11-25,demo_script
Lays Chips (Small),Snacks,20,17,sale,2025-11-25,demo_script
Britannia Bread,Bakery,45,14,sale,2025-11-25,demo_script
Tata Tea Gold (500g),Beverages,280,3,sale,2025-11-25,demo_script
Nescafe Classic (50g),Beverages,160,2,sale,2025-11-25,demo_script
Amul Milk (500ml),Dairy,30,67,sale,2025-11-25,demo_script
Surf Excel (1kg),Household,250,5,sale,2025-11-25,demo_script
Vim Dishwash Bar,Household,35,7,sale,2025-11-25,demo_script
Lux Soap,Personal Care,48,4,sale,2025-11-25,demo_script
Colgate Toothpaste,Personal Care,95,4,sale,2025-11-25,demo_script
Eggs (dozen),Daily Essentials,80,7,sale,2025-11-25,demo_script
Amul Butter (100g),Dairy,56,8,sale,2025-11-25,demo_script
Toor Dal,Pulses & Grains,160,13,sale,2025-11-26,demo_script
Basmati Rice (5kg),Pulses & Grains,450,6,sale,2025-11-26,demo_script
Aashirvaad Atta (10kg),Pulses & Grains,520,6,sale,2025-11-26,demo_script
Sugar,Pulses & Grains,45,13,sale,2025-11-26,demo_script
Fortune Sunflower Oil (1L),Cooking,180,8,sale,2025-11-26,demo_script
MDH Garam Masala,Cooking,85,6,sale,2025-11-26,demo_script
Saffola Gold Oil (1L),Cooking,220,4,sale,2025-11-26,demo_script
Maggi Noodles,Snacks,14,48,sale,2025-11-26,demo_script
Parle-G Biscuits,Snacks,10,48,sale,2025-11-26,demo_script
Lays Chips (Small),Snacks,20,24,sale,2025-11-26,demo_script
Britannia Bread,Bakery,45,8,sale,2025-11-26,demo_script
Tata Tea Gold (500g),Beverages,280,2,sale,2025-11-26,demo_script
Nescafe Classic (50g),Beverages,160,2,sale,2025-11-26,demo_script
Amul Milk (500ml),Dairy,30,64,sale,2025-11-26,demo_script
Surf Excel (1kg),Household,250,4,sale,2025-11-26,demo_script
Vim Dishwash Bar,Household,35,4,sale,2025-11-26,demo_script
Lux Soap,Personal Care,48,4,sale,2025-11-26,demo_script
Colgate Toothpaste,Personal Care,95,3,sale,2025-11-26,demo_script
Eggs (dozen),Daily Essentials,80,9,sale,2025-11-26,demo_script
Amul Butter (100g),Dairy,56,8,sale,2025-11-26,demo_script
Toor Dal,Pulses & Grains,160,7,sale,2025-11-27,demo_script
Basmati Rice (5kg),Pulses & Grains,450,6,sale,2025-11-27,demo_script
Aashirvaad Atta (10kg),Pulses & Grains,520,7,sale,2025-11-27,demo_script
Sugar,Pulses & Grains,45,14,sale,2025-11-27,demo_script
Fortune Sunflower Oil (1L),Cooking,180,12,sale,2025-11-27,demo_script
MDH Garam Masala,Cooking,85,6,sale,2025-11-27,demo_script
Saffola Gold Oil (1L),Cooking,220,4,sale,2025-11-27,demo_script
Maggi Noodles,Snacks,14,41,sale,2025-11-27,demo_script
Parle-G Biscuits,Snacks,10,44,sale,2025-11-27,demo_script
Lays Chips (Small),Snacks,20,14,sale,2025-11-27,demo_script
Britannia Bread,Bakery,45,11,sale,2025-11-27,demo_script
Tata Tea Gold (500g),Beverages,280,3,sale,2025-11-27,demo_script
Nescafe Classic (50g),Beverages,160,3,sale,2025-11-27,demo_script
Amul Milk (500ml),Dairy,30,67,sale,2025-11-27,demo_script
Surf Excel (1kg),Household,250,4,sale,2025-11-27,demo_script
Vim Dishwash Bar,Household,35,7,sale,2025-11-27,demo_script
Lux Soap,Personal Care,48,4,sale,2025-11-27,demo_script
Colgate Toothpaste,Personal Care,95,2,sale,2025-11-27,demo_script
Eggs (dozen),Daily Essentials,80,8,sale,2025-11-27,demo_script
Amul Butter (100g),Dairy,56,11,sale,2025-11-27,demo_script
Toor Dal,Pulses & Grains,160,10,sale,2025-11-28,demo_script
Basmati Rice (5kg),Pulses & Grains,450,7,sale,2025-11-28,demo_script
Aashirvaad Atta (10kg),Pulses & Grains,520,5,sale,2025-11-28,demo_script
Sugar,Pulses & Grains,45,10,sale,2025-11-28,demo_script
Fortune Sunflower Oil (1L),Cooking,180,14,sale,2025-11-28,demo_script
MDH Garam Masala,Cooking,85,6,sale,2025-11-28,demo_script
Saffola Gold Oil (1L),Cooking,220,4,sale,2025-11-28,demo_script
Maggi Noodles,Snacks,14,44,sale,2025-11-28,demo_script
Parle-G Biscuits,Snacks,10,46,sale,2025-11-28,demo_script
Lays Chips (Small),Snacks,20,20,sale,2025-11-28,demo_script
Britannia Bread,Bakery,45,13,sale,2025-11-28,demo_script
Tata Tea Gold (500g),Beverages,280,4,sale,2025-11-28,demo_script
Nescafe Classic (50g),Beverages,160,2,sale,2025-11-28,demo_script
Amul Milk (500ml),Dairy,30,64,sale,2025-11-28,demo_script
Surf Excel (1kg),Household,250,2,sale,2025-11-28,demo_script
Vim Dishwash Bar,Household,35,4,sale,2025-11-28,demo_script
Lux Soap,Personal Care,48,4,sale,2025-11-28,demo_script
Colgate Toothpaste,Personal Care,95,5,sale,2025-11-28,demo_script
Eggs (dozen),Daily Essentials,80,9,sale,2025-11-28,demo_script
Amul Butter (100g),Dairy,56,6,sale,2025-11-28,demo_script
Toor Dal,Pulses & Grains,160,10,sale,2025-11-29,demo_script
Basmati Rice (5kg),Pulses & Grains,450,11,sale,2025-11-29,demo_script
Aashirvaad Atta (10kg),Pulses & Grains,520,5,sale,2025-11-29,demo_script
Sugar,Pulses & Grains,45,13,sale,2025-11-29,demo_script
Fortune Sunflower Oil (1L),Cooking,180,11,sale,2025-11-29,demo_script
MDH Garam Masala,Cooking,85,8,sale,2025-11-29,demo_script
Saffola Gold Oil (1L),Cooking,220,6,sale,2025-11-29,demo_script
Maggi Noodles,Snacks,14,40,sale,2025-11-29,demo_script
Parle-G Biscuits,Snacks,10,41,sale,2025-11-29,demo_script
Lays Chips (Small),Snacks,20,28,sale,2025-11-29,demo_script
Britannia Bread,Bakery,45,14,sale,2025-11-29,demo_script
Tata Tea Gold (500g),Beverages,280,4,sale,2025-11-29,demo_script
Nescafe Classic (50g),Beverages,160,4,sale,2025-11-29,demo_script
Amul Milk (500ml),Dairy,30,56,sale,2025-11-29,demo_script
Surf Excel (1kg),Household,250,7,sale,2025-11-29,demo_script
Vim Dishwash Bar,Household,35,6,sale,2025-11-29,demo_script
Lux Soap,Personal Care,48,6,sale,2025-11-29,demo_script
Colgate Toothpaste,Personal Care,95,5,sale,2025-11-29,demo_script
Eggs (dozen),Daily Essentials,80,9,sale,2025-11-29,demo_script
Amul Butter (100g),Dairy,56,14,sale,2025-11-29,demo_script
Toor Dal,Pulses & Grains,160,13,sale,2025-11-30,demo_script
Basmati Rice (5kg),Pulses & Grains,450,13,sale,2025-11-30,demo_script
Aashirvaad Atta (10kg),Pulses & Grains,520,7,sale,2025-11-30,demo_script
Sugar,Pulses & Grains,45,16,sale,2025-11-30,demo_script
Fortune Sunflower Oil (1L),Cooking,180,14,sale,2025-11-30,demo_script
MDH Garam Masala,Cooking,85,4,sale,2025-11-30,demo_script
Saffola Gold Oil (1L),Cooking,220,6,sale,2025-11-30,demo_script
Maggi Noodles,Snacks,14,67,sale,2025-11-30,demo_script
Parle-G Biscuits,Snacks,10,67,sale,2025-11-30,demo_script
Lays Chips (Small),Snacks,20,27,sale,2025-11-30,demo_script
Britannia Bread,Bakery,45,18,sale,2025-11-30,demo_script
Tata Tea Gold (500g),Beverages,280,5,sale,2025-11-30,demo_script
Nescafe Classic (50g),Beverages,160,4,sale,2025-11-30,demo_script
Amul Milk (500ml),Dairy,30,48,sale,2025-11-30,demo_script
Surf Excel (1kg),Household,250,7,sale,2025-11-30,demo_script
Vim Dishwash Bar,Household,35,7,sale,2025-11-30,demo_script
Lux Soap,Personal Care,48,7,sale,2025-11-30,demo_script
Colgate Toothpaste,Personal Care,95,6,sale,2025-11-30,demo_script
Eggs (dozen),Daily Essentials,80,11,sale,2025-11-30,demo_script
Amul Butter (100g),Dairy,56,14,sale,2025-11-30,demo_script
Toor Dal,Pulses & Grains,160,7,sale,2025-12-01,demo_script
Toor Dal,Pulses & Grains,160,111,restock,2025-12-01,demo_script
Basmati Rice (5kg),Pulses & Grains,450,4,sale,2025-12-01,demo_script
Basmati Rice (5kg),Pulses & Grains,450,83,restock,2025-12-01,demo_script
Aashirvaad Atta (10kg),Pulses & Grains,520,5,sale,2025-12-01,demo_script
Aashirvaad Atta (10kg),Pulses & Grains,520,80,restock,2025-12-01,demo_script
Sugar,Pulses & Grains,45,10,sale,2025-12-01,demo_script
Sugar,Pulses & Grains,45,159,restock,2025-12-01,demo_script
Fortune Sunflower Oil (1L),Cooking,180,9,sale,2025-12-01,demo_script
Fortune Sunflower Oil (1L),Cooking,180,112,restock,2025-12-01,demo_script
MDH Garam Masala,Cooking,85,4,sale,2025-12-01,demo_script
MDH Garam Masala,Cooking,85,58,restock,2025-12-01,demo_script
Saffola Gold Oil (1L),Cooking,220,2,sale,2025-12-01,demo_script
Saffola Gold Oil (1L),Cooking,220,42,restock,2025-12-01,demo_script
Maggi Noodles,Snacks,14,17,sale,2025-12-01,demo_script
Maggi Noodles,Snacks,14,397,restock,2025-12-01,demo_script
Parle-G Biscuits,Snacks,10,24,sale,2025-12-01,demo_script
Parle-G Biscuits,Snacks,10,423,restock,2025-12-01,demo_script
Lays Chips (Small),Snacks,20,10,sale,2025-12-01,demo_script
Lays Chips (Small),Snacks,20,210,restock,2025-12-01,demo_script
Britannia Bread,Bakery,45,9,sale,2025-12-01,demo_script
Britannia Bread,Bakery,45,156,restock,2025-12-01,demo_script
Tata Tea Gold (500g),Beverages,280,5,sale,2025-12-01,demo_script
Tata Tea Gold (500g),Beverages,280,57,restock,2025-12-01,demo_script
Nescafe Classic (50g),Beverages,160,2,sale,2025-12-01,demo_script
Nescafe Classic (50g),Beverages,160,47,restock,2025-12-01,demo_script
Amul Milk (500ml),Dairy,30,54,sale,2025-12-01,demo_script
Amul Milk (500ml),Dairy,30,562,restock,2025-12-01,demo_script
Surf Excel (1kg),Household,250,2,sale,2025-12-01,demo_script
Surf Excel (1kg),Household,250,63,restock,2025-12-01,demo_script
Vim Dishwash Bar,Household,35,7,sale,2025-12-01,demo_script
Vim Dishwash Bar,Household,35,95,restock,2025-12-01,demo_script
Lux Soap,Personal Care,48,3,sale,2025-12-01,demo_script
Lux Soap,Personal Care,48,72,restock,2025-12-01,demo_script
Colgate Toothpaste,Personal Care,95,3,sale,2025-12-01,demo_script
Colgate Toothpaste,Personal Care,95,58,restock,2025-12-01,demo_script
Eggs (dozen),Daily Essentials,80,11,sale,2025-12-01,demo_script
Eggs (dozen),Daily Essentials,80,157,restock,2025-12-01,demo_script
Amul Butter (100g),Dairy,56,7,sale,2025-12-01,demo_script
Amul Butter (100g),Dairy,56,75,restock,2025-12-01,demo_script
Toor Dal,Pulses & Grains,160,8,sale,2025-12-02,demo_script
Basmati Rice (5kg),Pulses & Grains,450,4,sale,2025-12-02,demo_script
Aashirvaad Atta (10kg),Pulses & Grains,520,6,sale,2025-12-02,demo_script
Sugar,Pulses & Grains,45,13,sale,2025-12-02,demo_script
Fortune Sunflower Oil (1L),Cooking,180,8,sale,2025-12-02,demo_script
MDH Garam Masala,Cooking,85,5,sale,2025-12-02,demo_script
Saffola Gold Oil (1L),Cooking,220,2,sale,2025-12-02,demo_script
Maggi Noodles,Snacks,14,22,sale,2025-12-02,demo_script
Parle-G Biscuits,Snacks,10,28,sale,2025-12-02,demo_script
Lays Chips (Small),Snacks,20,11,sale,2025-12-02,demo_script
Britannia Bread,Bakery,45,13,sale,2025-12-02,demo_script
Tata Tea Gold (500g),Beverages,280,3,sale,2025-12-02,demo_script
Nescafe Classic (50g),Beverages,160,3,sale,2025-12-02,demo_script
Amul Milk (500ml),Dairy,30,55,sale,2025-12-02,demo_script
Surf Excel (1kg),Household,250,3,sale,2025-12-02,demo_script
Vim Dishwash Bar,Household,35,7,sale,2025-12-02,demo_script
Lux Soap,Personal Care,48,3,sale,2025-12-02,demo_script
Colgate Toothpaste,Personal Care,95,3,sale,2025-12-02,demo_script
Eggs (dozen),Daily Essentials,80,6,sale,2025-12-02,demo_script
Amul Butter (100g),Dairy,56,9,sale,2025-12-02,demo_script
Toor Dal,Pulses & Grains,160,5,sale,2025-12-03,demo_script
Basmati Rice (5kg),Pulses & Grains,450,6,sale,2025-12-03,demo_script
Aashirvaad Atta (10kg),Pulses & Grains,520,5,sale,2025-12-03,demo_script
Sugar,Pulses & Grains,45,9,sale,2025-12-03,demo_script
Fortune Sunflower Oil (1L),Cooking,180,9,sale,2025-12-03,demo_script
MDH Garam Masala,Cooking,85,2,sale,2025-12-03,demo_script
Saffola Gold Oil (1L),Cooking,220,3,sale,2025-12-03,demo_script
Maggi Noodles,Snacks,14,21,sale,2025-12-03,demo_script
Parle-G Biscuits,Snacks,10,40,sale,2025-12-03,demo_script
Lays Chips (Small),Snacks,20,20,sale,2025-12-03,demo_script
Britannia Bread,Bakery,45,9,sale,2025-12-03,demo_script
Tata Tea Gold (500g),Beverages,280,2,sale,2025-12-03,demo_script
Nescafe Classic (50g),Beverages,160,3,sale,2025-12-03,demo_script
Amul Milk (500ml),Dairy,30,45,sale,2025-12-03,demo_script
Surf Excel (1kg),Household,250,5,sale,2025-12-03,demo_script
Vim Dishwash Bar,Household,35,4,sale,2025-12-03,demo_script
Lux Soap,Personal Care,48,5,sale,2025-12-03,demo_script
Colgate Toothpaste,Personal Care,95,3,sale,2025-12-03,demo_script
Eggs (dozen),Daily Essentials,80,10,sale,2025-12-03,demo_script
Amul Butter (100g),Dairy,56,6,sale,2025-12-03,demo_script
Toor Dal,Pulses & Grains,160,7,sale,2025-12-04,demo_script
Basmati Rice (5kg),Pulses & Grains,450,5,sale,2025-12-04,demo_script
Aashirvaad Atta (10kg),Pulses & Grains,520,6,sale,2025-12-04,demo_script
Sugar,Pulses & Grains,45,10,sale,2025-12-04,demo_script
Fortune Sunflower Oil (1L),Cooking,180,6,sale,2025-12-04,demo_script
MDH Garam Masala,Cooking,85,3,sale,2025-12-04,demo_script
Saffola Gold Oil (1L),Cooking,220,2,sale,2025-12-04,demo_script
Maggi Noodles,Snacks,14,19,sale,2025-12-04,demo_script
Parle-G Biscuits,Snacks,10,36,sale,2025-12-04,demo_script
Lays Chips (Small),Snacks,20,11,sale,2025-12-04,demo_script
Britannia Bread,Bakery,45,13,sale,2025-12-04,demo_script
Tata Tea Gold (500g),Beverages,280,2,sale,2025-12-04,demo_script
Nescafe Classic (50g),Beverages,160,2,sale,2025-12-04,demo_script
Amul Milk (500ml),Dairy,30,54,sale,2025-12-04,demo_script
Surf Excel (1kg),Household,250,4,sale,2025-12-04,demo_script
Vim Dishwash Bar,Household,35,5,sale,2025-12-04,demo_script
Lux Soap,Personal Care,48,6,sale,2025-12-04,demo_script
Colgate Toothpaste,Personal Care,95,3,sale,2025-12-04,demo_script
Eggs (dozen),Daily Essentials,80,9,sale,2025-12-04,demo_script
Amul Butter (100g),Dairy,56,7,sale,2025-12-04,demo_script
Toor Dal,Pulses & Grains,160,9,sale,2025-12-05,demo_script
Basmati Rice (5kg),Pulses & Grains,450,4,sale,2025-12-05,demo_script
Aashirvaad Atta (10kg),Pulses & Grains,520,3,sale,2025-12-05,demo_script
Sugar,Pulses & Grains,45,7,sale,2025-12-05,demo_script
Fortune Sunflower Oil (1L),Cooking,180,7,sale,2025-12-05,demo_script
MDH Garam Masala,Cooking,85,3,sale,2025-12-05,demo_script
Saffola Gold Oil (1L),Cooking,220,2,sale,2025-12-05,demo_script
Maggi Noodles,Snacks,14,20,sale,2025-12-05,demo_script
Parle-G Biscuits,Snacks,10,38,sale,2025-12-05,demo_script
Lays Chips (Small),Snacks,20,10,sale,2025-12-05,demo_script
Britannia Bread,Bakery,45,15,sale,2025-12-05,demo_script
Tata Tea Gold (500g),Beverages,280,3,sale,2025-12-05,demo_script
Nescafe Classic (50g),Beverages,160,3,sale,2025-12-05,demo_script
Amul Milk (500ml),Dairy,30,59,sale,2025-12-05,demo_script
Surf Excel (1kg),Household,250,5,sale,2025-12-05,demo_script
Vim Dishwash Bar,Household,35,3,sale,2025-12-05,demo_script
Lux Soap,Personal Care,48,5,sale,2025-12-05,demo_script
Colgate Toothpaste,Personal Care,95,2,sale,2025-12-05,demo_script
Eggs (dozen),Daily Essentials,80,11,sale,2025-12-05,demo_script
Amul Butter (100g),Dairy,56,9,sale,2025-12-05,demo_script
Toor Dal,Pulses & Grains,160,9,sale,2025-12-06,demo_script
Basmati Rice (5kg),Pulses & Grains,450,6,sale,2025-12-06,demo_script
Aashirvaad Atta (10kg),Pulses & Grains,520,8,sale,2025-12-06,demo_script
Sugar,Pulses & Grains,45,12,sale,2025-12-06,demo_script
Fortune Sunflower Oil (1L),Cooking,180,8,sale,2025-12-06,demo_script
MDH Garam Masala,Cooking,85,6,sale,2025-12-06,demo_script
Saffola Gold Oil (1L),Cooking,220,4,sale,2025-12-06,demo_script
Maggi Noodles,Snacks,14,33,sale,2025-12-06,demo_script
Parle-G Biscuits,Snacks,10,50,sale,2025-12-06,demo_script
Lays Chips (Small),Snacks,20,18,sale,2025-12-06,demo_script
Britannia Bread,Bakery,45,14,sale,2025-12-06,demo_script
Tata Tea Gold (500g),Beverages,280,7,sale,2025-12-06,demo_script
Nescafe Classic (50g),Beverages,160,5,sale,2025-12-06,demo_script
Amul Milk (500ml),Dairy,30,80,sale,2025-12-06,demo_script
Surf Excel (1kg),Household,250,6,sale,2025-12-06,demo_script
Vim Dishwash Bar,Household,35,8,sale,2025-12-06,demo_script
Lux Soap,Personal Care,48,6,sale,2025-12-06,demo_script
Colgate Toothpaste,Personal Care,95,3,sale,2025-12-06,demo_script
Eggs (dozen),Daily Essentials,80,15,sale,2025-12-06,demo_script
Amul Butter (100g),Dairy,56,9,sale,2025-12-06,demo_script
Toor Dal,Pulses & Grains,160,10,sale,2025-12-07,demo_script
Basmati Rice (5kg),Pulses & Grains,450,5,sale,2025-12-07,demo_script
Aashirvaad Atta (10kg),Pulses & Grains,520,5,sale,2025-12-07,demo_script
Sugar,Pulses & Grains,45,9,sale,2025-12-07,demo_script
Fortune Sunflower Oil (1L),Cooking,180,8,sale,2025-12-07,demo_script
MDH Garam Masala,Cooking,85,4,sale,2025-12-07,demo_script
Saffola Gold Oil (1L),Cooking,220,5,sale,2025-12-07,demo_script
Maggi Noodles,Snacks,14,22,sale,2025-12-07,demo_script
Parle-G Biscuits,Snacks,10,31,sale,2025-12-07,demo_script
Lays Chips (Small),Snacks,20,17,sale,2025-12-07,demo_script
Britannia Bread,Bakery,45,13,sale,2025-12-07,demo_script
Tata Tea Gold (500g),Beverages,280,5,sale,2025-12-07,demo_script
Nescafe Classic (50g),Beverages,160,5,sale,2025-12-07,demo_script
Amul Milk (500ml),Dairy,30,61,sale,2025-12-07,demo_script
Surf Excel (1kg),Household,250,4,sale,2025-12-07,demo_script
Vim Dishwash Bar,Household,35,6,sale,2025-12-07,demo_script
Lux Soap,Personal Care,48,5,sale,2025-12-07,demo_script
Colgate Toothpaste,Personal Care,95,3,sale,2025-12-07,demo_script
Eggs (dozen),Daily Essentials,80,16,sale,2025-12-07,demo_script
Amul Butter (100g),Dairy,56,10,sale,2025-12-07,demo_script
Toor Dal,Pulses & Grains,160,10,sale,2025-12-08,demo_script
Basmati Rice (5kg),Pulses & Grains,450,8,sale,2025-12-08,demo_script
Aashirvaad Atta (10kg),Pulses & Grains,520,3,sale,2025-12-08,demo_script
Sugar,Pulses & Grains,45,6,sale,2025-12-08,demo_script
Fortune Sunflower Oil (1L),Cooking,180,6,sale,2025-12-08,demo_script
MDH Garam Masala,Cooking,85,4,sale,2025-12-08,demo_script
Saffola Gold Oil (1L),Cooking,220,2,sale,2025-12-08,demo_script
Maggi Noodles,Snacks,14,20,sale,2025-12-08,demo_script
Parle-G Biscuits,Snacks,10,32,sale,2025-12-08,demo_script
Lays Chips (Small),Snacks,20,13,sale,2025-12-08,demo_script
Britannia Bread,Bakery,45,9,sale,2025-12-08,demo_script
Tata Tea Gold (500g),Beverages,280,2,sale,2025-12-08,demo_script
Nescafe Classic (50g),Beverages,160,3,sale,2025-12-08,demo_script
Amul Milk (500ml),Dairy,30,33,sale,2025-12-08,demo_script
Surf Excel (1kg),Household,250,3,sale,2025-12-08,demo_script
Vim Dishwash Bar,Household,35,4,sale,2025-12-08,demo_script
Lux Soap,Personal Care,48,5,sale,2025-12-08,demo_script
Colgate Toothpaste,Personal Care,95,2,sale,2025-12-08,demo_script
Eggs (dozen),Daily Essentials,80,13,sale,2025-12-08,demo_script
Amul Butter (100g),Dairy,56,5,sale,2025-12-08,demo_script
Toor Dal,Pulses & Grains,160,10,sale,2025-12-09,demo_script
Basmati Rice (5kg),Pulses & Grains,450,7,sale,2025-12-09,demo_script
Aashirvaad Atta (10kg),Pulses & Grains,520,3,sale,2025-12-09,demo_script
Sugar,Pulses & Grains,45,13,sale,2025-12-09,demo_script
Fortune Sunflower Oil (1L),Cooking,180,6,sale,2025-12-09,demo_script
MDH Garam Masala,Cooking,85,4,sale,2025-12-09,demo_script
Saffola Gold Oil (1L),Cooking,220,2,sale,2025-12-09,demo_script
Maggi Noodles,Snacks,14,28,sale,2025-12-09,demo_script
Parle-G Biscuits,Snacks,10,28,sale,2025-12-09,demo_script
Lays Chips (Small),Snacks,20,13,sale,2025-12-09,demo_script
Britannia Bread,Bakery,45,10,sale,2025-12-09,demo_script
Tata Tea Gold (500g),Beverages,280,5,sale,2025-12-09,demo_script
Nescafe Classic (50g),Beverages,160,3,sale,2025-12-09,demo_script
Amul Milk (500ml),Dairy,30,52,sale,2025-12-09,demo_script
Surf Excel (1kg),Household,250,2,sale,2025-12-09,demo_script
Vim Dishwash Bar,Household,35,4,sale,2025-12-09,demo_script
Lux Soap,Personal Care,48,5,sale,2025-12-09,demo_script
Colgate Toothpaste,Personal Care,95,5,sale,2025-12-09,demo_script
Eggs (dozen),Daily Essentials,80,10,sale,2025-12-09,demo_script
Amul Butter (100g),Dairy,56,9,sale,2025-12-09,demo_script
Toor Dal,Pulses & Grains,160,9,sale,2025-12-10,demo_script
Toor Dal,Pulses & Grains,160,127,restock,2025-12-10,demo_script
Basmati Rice (5kg),Pulses & Grains,450,3,sale,2025-12-10,demo_script
Basmati Rice (5kg),Pulses & Grains,450,84,restock,2025-12-10,demo_script
Aashirvaad Atta (10kg),Pulses & Grains,520,6,sale,2025-12-10,demo_script
Aashirvaad Atta (10kg),Pulses & Grains,520,79,restock,2025-12-10,demo_script
Sugar,Pulses & Grains,45,7,sale,2025-12-10,demo_script
Sugar,Pulses & Grains,45,165,restock,2025-12-10,demo_script
Fortune Sunflower Oil (1L),Cooking,180,6,sale,2025-12-10,demo_script
Fortune Sunflower Oil (1L),Cooking,180,101,restock,2025-12-10,demo_script
MDH Garam Masala,Cooking,85,3,sale,2025-12-10,demo_script
MDH Garam Masala,Cooking,85,60,restock,2025-12-10,demo_script
Saffola Gold Oil (1L),Cooking,220,3,sale,2025-12-10,demo_script
Saffola Gold Oil (1L),Cooking,220,46,restock,2025-12-10,demo_script
Maggi Noodles,Snacks,14,18,sale,2025-12-10,demo_script
Maggi Noodles,Snacks,14,354,restock,2025-12-10,demo_script
Parle-G Biscuits,Snacks,10,22,sale,2025-12-10,demo_script
Parle-G Biscuits,Snacks,10,495,restock,2025-12-10,demo_script
Lays Chips (Small),Snacks,20,16,sale,2025-12-10,demo_script
Lays Chips (Small),Snacks,20,223,restock,2025-12-10,demo_script
Britannia Bread,Bakery,45,8,sale,2025-12-10,demo_script
Britannia Bread,Bakery,45,198,restock,2025-12-10,demo_script
Tata Tea Gold (500g),Beverages,280,3,sale,2025-12-10,demo_script
Tata Tea Gold (500g),Beverages,280,54,restock,2025-12-10,demo_script
Nescafe Classic (50g),Beverages,160,2,sale,2025-12-10,demo_script
Nescafe Classic (50g),Beverages,160,38,restock,2025-12-10,demo_script
Amul Milk (500ml),Dairy,30,35,sale,2025-12-10,demo_script
Amul Milk (500ml),Dairy,30,537,restock,2025-12-10,demo_script
Surf Excel (1kg),Household,250,4,sale,2025-12-10,demo_script
Surf Excel (1kg),Household,250,61,restock,2025-12-10,demo_script
Vim Dishwash Bar,Household,35,4,sale,2025-12-10,demo_script
Vim Dishwash Bar,Household,35,98,restock,2025-12-10,demo_script
Lux Soap,Personal Care,48,3,sale,2025-12-10,demo_script
Lux Soap,Personal Care,48,76,restock,2025-12-10,demo_script
Colgate Toothpaste,Personal Care,95,3,sale,2025-12-10,demo_script
Colgate Toothpaste,Personal Care,95,55,restock,2025-12-10,demo_script
Eggs (dozen),Daily Essentials,80,7,sale,2025-12-10,demo_script
Eggs (dozen),Daily Essentials,80,138,restock,2025-12-10,demo_script
Amul Butter (100g),Dairy,56,7,sale,2025-12-10,demo_script
Amul Butter (100g),Dairy,56,97,restock,2025-12-10,demo_script
Toor Dal,Pulses & Grains,160,9,sale,2025-12-11,demo_script
Basmati Rice (5kg),Pulses & Grains,450,6,sale,2025-12-11,demo_script
Aashirvaad Atta (10kg),Pulses & Grains,520,6,sale,2025-12-11,demo_script
Sugar,Pulses & Grains,45,10,sale,2025-12-11,demo_script
Fortune Sunflower Oil (1L),Cooking,180,5,sale,2025-12-11,demo_script
MDH Garam Masala,Cooking,85,4,sale,2025-12-11,demo_script
Saffola Gold Oil (1L),Cooking,220,3,sale,2025-12-11,demo_script
Maggi Noodles,Snacks,14,18,sale,2025-12-11,demo_script
Parle-G Biscuits,Snacks,10,31,sale,2025-12-11,demo_script
Lays Chips (Small),Snacks,20,12,sale,2025-12-11,demo_script
Britannia Bread,Bakery,45,15,sale,2025-12-11,demo_script
Tata Tea Gold (500g),Beverages,280,3,sale,2025-12-11,demo_script
Nescafe Classic (50g),Beverages,160,2,sale,2025-12-11,demo_script
Amul Milk (500ml),Dairy,30,41,sale,2025-12-11,demo_script
Surf Excel (1kg),Household,250,5,sale,2025-12-11,demo_script
Vim Dishwash Bar,Household,35,6,sale,2025-12-11,demo_script
Lux Soap,Personal Care,48,4,sale,2025-12-11,demo_script
Colgate Toothpaste,Personal Care,95,3,sale,2025-12-11,demo_script
Eggs (dozen),Daily Essentials,80,11,sale,2025-12-11,demo_script
Amul Butter (100g),Dairy,56,6,sale,2025-12-11,demo_script
Toor Dal,Pulses & Grains,160,6,sale,2025-12-12,demo_script
Basmati Rice (5kg),Pulses & Grains,450,7,sale,2025-12-12,demo_script
Aashirvaad Atta (10kg),Pulses & Grains,520,3,sale,2025-12-12,demo_script
Sugar,Pulses & Grains,45,11,sale,2025-12-12,demo_script
Fortune Sunflower Oil (1L),Cooking,180,9,sale,2025-12-12,demo_script
MDH Garam Masala,Cooking,85,2,sale,2025-12-12,demo_script
Saffola Gold Oil (1L),Cooking,220,3,sale,2025-12-12,demo_script
Maggi Noodles,Snacks,14,20,sale,2025-12-12,demo_script
Parle-G Biscuits,Snacks,10,27,sale,2025-12-12,demo_script
Lays Chips (Small),Snacks,20,19,sale,2025-12-12,demo_script
Britannia Bread,Bakery,45,10,sale,2025-12-12,demo_script
Tata Tea Gold (500g),Beverages,280,5,sale,2025-12-12,demo_script
Nescafe Classic (50g),Beverages,160,2,sale,2025-12-12,demo_script
Amul Milk (500ml),Dairy,30,57,sale,2025-12-12,demo_script
Surf Excel (1kg),Household,250,4,sale,2025-12-12,demo_script
Vim Dishwash Bar,Household,35,7,sale,2025-12-12,demo_script
Lux Soap,Personal Care,48,3,sale,2025-12-12,demo_script
Colgate Toothpaste,Personal Care,95,3,sale,2025-12-12,demo_script
Eggs (dozen),Daily Essentials,80,8,sale,2025-12-12,demo_script
Amul Butter (100g),Dairy,56,7,sale,2025-12-12,demo_script
Toor Dal,Pulses & Grains,160,9,sale,2025-12-13,demo_script
Basmati Rice (5kg),Pulses & Grains,450,10,sale,2025-12-13,demo_script
Aashirvaad Atta (10kg),Pulses & Grains,520,7,sale,2025-12-13,demo_script
Sugar,Pulses & Grains,45,13,sale,2025-12-13,demo_script
Fortune Sunflower Oil (1L),Cooking,180,12,sale,2025-12-13,demo_script
MDH Garam Masala,Cooking,85,4,sale,2025-12-13,demo_script
Saffola Gold Oil (1L),Cooking,220,4,sale,2025-12-13,demo_script
Maggi Noodles,Snacks,14,34,sale,2025-12-13,demo_script
Parle-G Biscuits,Snacks,10,42,sale,2025-12-13,demo_script
Lays Chips (Small),Snacks,20,13,sale,2025-12-13,demo_script
Britannia Bread,Bakery,45,12,sale,2025-12-13,demo_script
Tata Tea Gold (500g),Beverages,280,6,sale,2025-12-13,demo_script
Nescafe Classic (50g),Beverages,160,3,sale,2025-12-13,demo_script
Amul Milk (500ml),Dairy,30,42,sale,2025-12-13,demo_script
Surf Excel (1kg),Household,250,5,sale,2025-12-13,demo_script
Vim Dishwash Bar,Household,35,9,sale,2025-12-13,demo_script
Lux Soap,Personal Care,48,4,sale,2025-12-13,demo_script
Colgate Toothpaste,Personal Care,95,6,sale,2025-12-13,demo_script
Eggs (dozen),Daily Essentials,80,13,sale,2025-12-13,demo_script
Amul Butter (100g),Dairy,56,10,sale,2025-12-13,demo_script
Toor Dal,Pulses & Grains,160,8,sale,2025-12-14,demo_script
Basmati Rice (5kg),Pulses & Grains,450,5,sale,2025-12-14,demo_script
Aashirvaad Atta (10kg),Pulses & Grains,520,6,sale,2025-12-14,demo_script
Sugar,Pulses & Grains,45,11,sale,2025-12-14,demo_script
Fortune Sunflower Oil (1L),Cooking,180,6,sale,2025-12-14,demo_script
MDH Garam Masala,Cooking,85,6,sale,2025-12-14,demo_script
Saffola Gold Oil (1L),Cooking,220,4,sale,2025-12-14,demo_script
Maggi Noodles,Snacks,14,33,sale,2025-12-14,demo_script
Parle-G Biscuits,Snacks,10,37,sale,2025-12-14,demo_script
Lays Chips (Small),Snacks,20,15,sale,2025-12-14,demo_script
Britannia Bread,Bakery,45,21,sale,2025-12-14,demo_script
Tata Tea Gold (500g),Beverages,280,5,sale,2025-12-14,demo_script
Nescafe Classic (50g),Beverages,160,6,sale,2025-12-14,demo_script
Amul Milk (500ml),Dairy,30,72,sale,2025-12-14,demo_script
Surf Excel (1kg),Household,250,7,sale,2025-12-14,demo_script
Vim Dishwash Bar,Household,35,8,sale,2025-12-14,demo_script
Lux Soap,Personal Care,48,5,sale,2025-12-14,demo_script
Colgate Toothpaste,Personal Care,95,5,sale,2025-12-14,demo_script
Eggs (dozen),Daily Essentials,80,17,sale,2025-12-14,demo_script
Amul Butter (100g),Dairy,56,7,sale,2025-12-14,demo_script
Toor Dal,Pulses & Grains,160,5,sale,2025-12-15,demo_script
Basmati Rice (5kg),Pulses & Grains,450,7,sale,2025-12-15,demo_script
Aashirvaad Atta (10kg),Pulses & Grains,520,4,sale,2025-12-15,demo_script
Sugar,Pulses & Grains,45,11,sale,2025-12-15,demo_script
Fortune Sunflower Oil (1L),Cooking,180,7,sale,2025-12-15,demo_script
MDH Garam Masala,Cooking,85,4,sale,2025-12-15,demo_script
Saffola Gold Oil (1L),Cooking,220,3,sale,2025-12-15,demo_script
Maggi Noodles,Snacks,14,27,sale,2025-12-15,demo_script
Parle-G Biscuits,Snacks,10,39,sale,2025-12-15,demo_script
Lays Chips (Small),Snacks,20,18,sale,2025-12-15,demo_script
Britannia Bread,Bakery,45,8,sale,2025-12-15,demo_script
Tata Tea Gold (500g),Beverages,280,5,sale,2025-12-15,demo_script
Nescafe Classic (50g),Beverages,160,3,sale,2025-12-15,demo_script
Amul Milk (500ml),Dairy,30,42,sale,2025-12-15,demo_script
Surf Excel (1kg),Household,250,4,sale,2025-12-15,demo_script
Vim Dishwash Bar,Household,35,5,sale,2025-12-15,demo_script
Lux Soap,Personal Care,48,5,sale,2025-12-15,demo_script
Colgate Toothpaste,Personal Care,95,4,sale,2025-12-15,demo_script
Eggs (dozen),Daily Essentials,80,9,sale,2025-12-15,demo_script
Amul Butter (100g),Dairy,56,9,sale,2025-12-15,demo_script
Toor Dal,Pulses & Grains,160,10,sale,2025-12-16,demo_script
Basmati Rice (5kg),Pulses & Grains,450,6,sale,2025-12-16,demo_script
Aashirvaad Atta (10kg),Pulses & Grains,520,6,sale,2025-12-16,demo_script
Sugar,Pulses & Grains,45,9,sale,2025-12-16,demo_script
Fortune Sunflower Oil (1L),Cooking,180,6,sale,2025-12-16,demo_script
MDH Garam Masala,Cooking,85,4,sale,2025-12-16,demo_script
Saffola Gold Oil (1L),Cooking,220,3,sale,2025-12-16,demo_script
Maggi Noodles,Snacks,14,28,sale,2025-12-16,demo_script
Parle-G Biscuits,Snacks,10,31,sale,2025-12-16,demo_script
Lays Chips (Small),Snacks,20,16,sale,2025-12-16,demo_script
Britannia Bread,Bakery,45,11,sale,2025-12-16,demo_script
Tata Tea Gold (500g),Beverages,280,2,sale,2025-12-16,demo_script
Nescafe Classic (50g),Beverages,160,2,sale,2025-12-16,demo_script
Amul Milk (500ml),Dairy,30,58,sale,2025-12-16,demo_script
Surf Excel (1kg),Household,250,5,sale,2025-12-16,demo_script
Vim Dishwash Bar,Household,35,6,sale,2025-12-16,demo_script
Lux Soap,Personal Care,48,3,sale,2025-12-16,demo_script
Colgate Toothpaste,Personal Care,95,2,sale,2025-12-16,demo_script
Eggs (dozen),Daily Essentials,80,7,sale,2025-12-16,demo_script
Amul Butter (100g),Dairy,56,5,sale,2025-12-16,demo_script
Toor Dal,Pulses & Grains,160,6,sale,2025-12-17,demo_script
Basmati Rice (5kg),Pulses & Grains,450,6,sale,2025-12-17,demo_script
Aashirvaad Atta (10kg),Pulses & Grains,520,5,sale,2025-12-17,demo_script
Sugar,Pulses & Grains,45,8,sale,2025-12-17,demo_script
Fortune Sunflower Oil (1L),Cooking,180,9,sale,2025-12-17,demo_script
MDH Garam Masala,Cooking,85,3,sale,2025-12-17,demo_script
Saffola Gold Oil (1L),Cooking,220,3,sale,2025-12-17,demo_script
Maggi Noodles,Snacks,14,25,sale,2025-12-17,demo_script
Parle-G Biscuits,Snacks,10,38,sale,2025-12-17,demo_script
Lays Chips (Small),Snacks,20,12,sale,2025-12-17,demo_script
Britannia Bread,Bakery,45,12,sale,2025-12-17,demo_script
Tata Tea Gold (500g),Beverages,280,3,sale,2025-12-17,demo_script
Nescafe Classic (50g),Beverages,160,3,sale,2025-12-17,demo_script
Amul Milk (500ml),Dairy,30,36,sale,2025-12-17,demo_script
Surf Excel (1kg),Household,250,4,sale,2025-12-17,demo_script
Vim Dishwash Bar,Household,35,5,sale,2025-12-17,demo_script
Lux Soap,Personal Care,48,6,sale,2025-12-17,demo_script
Colgate Toothpaste,Personal Care,95,5,sale,2025-12-17,demo_script
Eggs (dozen),Daily Essentials,80,9,sale,2025-12-17,demo_script
Amul Butter (100g),Dairy,56,6,sale,2025-12-17,demo_script
Toor Dal,Pulses & Grains,160,10,sale,2025-12-18,demo_script
Basmati Rice (5kg),Pulses & Grains,450,5,sale,2025-12-18,demo_script
Aashirvaad Atta (10kg),Pulses & Grains,520,5,sale,2025-12-18,demo_script
Sugar,Pulses & Grains,45,9,sale,2025-12-18,demo_script
Fortune Sunflower Oil (1L),Cooking,180,6,sale,2025-12-18,demo_script
MDH Garam Masala,Cooking,85,4,sale,2025-12-18,demo_script
Saffola Gold Oil (1L),Cooking,220,3,sale,2025-12-18,demo_script
Maggi Noodles,Snacks,14,31,sale,2025-12-18,demo_script
Parle-G Biscuits,Snacks,10,35,sale,2025-12-18,demo_script
Lays Chips (Small),Snacks,20,12,sale,2025-12-18,demo_script
Britannia Bread,Bakery,45,9,sale,2025-12-18,demo_script
Tata Tea Gold (500g),Beverages,280,3,sale,2025-12-18,demo_script
Nescafe Classic (50g),Beverages,160,2,sale,2025-12-18,demo_script
Amul Milk (500ml),Dairy,30,52,sale,2025-12-18,demo_script
Surf Excel (1kg),Household,250,2,sale,2025-12-18,demo_script
Vim Dishwash Bar,Household,35,5,sale,2025-12-18,demo_script
Lux Soap,Personal Care,48,6,sale,2025-12-18,demo_script
Colgate Toothpaste,Personal Care,95,3,sale,2025-12-18,demo_script
Eggs (dozen),Daily Essentials,80,10,sale,2025-12-18,demo_script
Amul Butter (100g),Dairy,56,6,sale,2025-12-18,demo_script
Toor Dal,Pulses & Grains,160,8,sale,2025-12-19,demo_script
Basmati Rice (5kg),Pulses & Grains,450,4,sale,2025-12-19,demo_script
Aashirvaad Atta (10kg),Pulses & Grains,520,5,sale,2025-12-19,demo_script
Sugar,Pulses & Grains,45,12,sale,2025-12-19,demo_script
Fortune Sunflower Oil (1L),Cooking,180,5,sale,2025-12-19,demo_script
MDH Garam Masala,Cooking,85,3,sale,2025-12-19,demo_script
Saffola Gold Oil (1L),Cooking,220,2,sale,2025-12-19,demo_script
Maggi Noodles,Snacks,14,29,sale,2025-12-19,demo_script
Parle-G Biscuits,Snacks,10,24,sale,2025-12-19,demo_script
Lays Chips (Small),Snacks,20,13,sale,2025-12-19,demo_script
Britannia Bread,Bakery,45,9,sale,2025-12-19,demo_script
Tata Tea Gold (500g),Beverages,280,3,sale,2025-12-19,demo_script
Nescafe Classic (50g),Beverages,160,2,sale,2025-12-19,demo_script
Amul Milk (500ml),Dairy,30,44,sale,2025-12-19,demo_script
Surf Excel (1kg),Household,250,4,sale,2025-12-19,demo_script
Vim Dishwash Bar,Household,35,5,sale,2025-12-19,demo_script
Lux Soap,Personal Care,48,4,sale,2025-12-19,demo_script
Colgate Toothpaste,Personal Care,95,5,sale,2025-12-19,demo_script
Eggs (dozen),Daily Essentials,80,8,sale,2025-12-19,demo_script
Amul Butter (100g),Dairy,56,7,sale,2025-12-19,demo_script
Toor Dal,Pulses & Grains,160,14,sale,2025-12-20,demo_script
Toor Dal,Pulses & Grains,160,132,restock,2025-12-20,demo_script
Basmati Rice (5kg),Pulses & Grains,450,8,sale,2025-12-20,demo_script
Basmati Rice (5kg),Pulses & Grains,450,92,restock,2025-12-20,demo_script
Aashirvaad Atta (10kg),Pulses & Grains,520,7,sale,2025-12-20,demo_script
Aashirvaad Atta (10kg),Pulses & Grains,520,76,restock,2025-12-20,demo_script
Sugar,Pulses & Grains,45,10,sale,2025-12-20,demo_script
Sugar,Pulses & Grains,45,162,restock,2025-12-20,demo_script
Fortune Sunflower Oil (1L),Cooking,180,9,sale,2025-12-20,demo_script
Fortune Sunflower Oil (1L),Cooking,180,90,restock,2025-12-20,demo_script
MDH Garam Masala,Cooking,85,7,sale,2025-12-20,demo_script
MDH Garam Masala,Cooking,85,66,restock,2025-12-20,demo_script
Saffola Gold Oil (1L),Cooking,220,3,sale,2025-12-20,demo_script
Saffola Gold Oil (1L),Cooking,220,47,restock,2025-12-20,demo_script
Maggi Noodles,Snacks,14,37,sale,2025-12-20,demo_script
Maggi Noodles,Snacks,14,373,restock,2025-12-20,demo_script
Parle-G Biscuits,Snacks,10,27,sale,2025-12-20,demo_script
Parle-G Biscuits,Snacks,10,435,restock,2025-12-20,demo_script
Lays Chips (Small),Snacks,20,23,sale,2025-12-20,demo_script
Lays Chips (Small),Snacks,20,211,restock,2025-12-20,demo_script
Britannia Bread,Bakery,45,11,sale,2025-12-20,demo_script
Britannia Bread,Bakery,45,198,restock,2025-12-20,demo_script
Tata Tea Gold (500g),Beverages,280,5,sale,2025-12-20,demo_script
Tata Tea Gold (500g),Beverages,280,56,restock,2025-12-20,demo_script
Nescafe Classic (50g),Beverages,160,3,sale,2025-12-20,demo_script
Nescafe Classic (50g),Beverages,160,48,restock,2025-12-20,demo_script
Amul Milk (500ml),Dairy,30,78,sale,2025-12-20,demo_script
Amul Milk (500ml),Dairy,30,459,restock,2025-12-20,demo_script
Surf Excel (1kg),Household,250,5,sale,2025-12-20,demo_script
Surf Excel (1kg),Household,250,64,restock,2025-12-20,demo_script
Vim Dishwash Bar,Household,35,9,sale,2025-12-20,demo_script
Vim Dishwash Bar,Household,35,87,restock,2025-12-20,demo_script
Lux Soap,Personal Care,48,6,sale,2025-12-20,demo_script
Lux Soap,Personal Care,48,82,restock,2025-12-20,demo_script
Colgate Toothpaste,Personal Care,95,5,sale,2025-12-20,demo_script
Colgate Toothpaste,Personal Care,95,66,restock,2025-12-20,demo_script
Eggs (dozen),Daily Essentials,80,12,sale,2025-12-20,demo_script
Eggs (dozen),Daily Essentials,80,151,restock,2025-12-20,demo_script
Amul Butter (100g),Dairy,56,10,sale,2025-12-20,demo_script
Amul Butter (100g),Dairy,56,96,restock,2025-12-20,demo_script
Toor Dal,Pulses & Grains,160,13,sale,2025-12-21,demo_script
Basmati Rice (5kg),Pulses & Grains,450,7,sale,2025-12-21,demo_script
Aashirvaad Atta (10kg),Pulses & Grains,520,5,sale,2025-12-21,demo_script
Sugar,Pulses & Grains,45,15,sale,2025-12-21,demo_script
Fortune Sunflower Oil (1L),Cooking,180,10,sale,2025-12-21,demo_script
MDH Garam Masala,Cooking,85,5,sale,2025-12-21,demo_script
Saffola Gold Oil (1L),Cooking,220,4,sale,2025-12-21,demo_script
Maggi Noodles,Snacks,14,22,sale,2025-12-21,demo_script
Parle-G Biscuits,Snacks,10,42,sale,2025-12-21,demo_script
Lays Chips (Small),Snacks,20,19,sale,2025-12-21,demo_script
Britannia Bread,Bakery,45,19,sale,2025-12-21,demo_script
Tata Tea Gold (500g),Beverages,280,5,sale,2025-12-21,demo_script
Nescafe Classic (50g),Beverages,160,3,sale,2025-12-21,demo_script
Amul Milk (500ml),Dairy,30,52,sale,2025-12-21,demo_script
Surf Excel (1kg),Household,250,5,sale,2025-12-21,demo_script
Vim Dishwash Bar,Household,35,7,sale,2025-12-21,demo_script
Lux Soap,Personal Care,48,8,sale,2025-12-21,demo_script
Colgate Toothpaste,Personal Care,95,4,sale,2025-12-21,demo_script
Eggs (dozen),Daily Essentials,80,13,sale,2025-12-21,demo_script
Amul Butter (100g),Dairy,56,10,sale,2025-12-21,demo_script
Toor Dal,Pulses & Grains,160,8,sale,2025-12-22,demo_script
Basmati Rice (5kg),Pulses & Grains,450,7,sale,2025-12-22,demo_script
Aashirvaad Atta (10kg),Pulses & Grains,520,5,sale,2025-12-22,demo_script
Sugar,Pulses & Grains,45,13,sale,2025-12-22,demo_script
Fortune Sunflower Oil (1L),Cooking,180,7,sale,2025-12-22,demo_script
MDH Garam Masala,Cooking,85,4,sale,2025-12-22,demo_script
Saffola Gold Oil (1L),Cooking,220,3,sale,2025-12-22,demo_script
Maggi Noodles,Snacks,14,29,sale,2025-12-22,demo_script
Parle-G Biscuits,Snacks,10,20,sale,2025-12-22,demo_script
Lays Chips (Small),Snacks,20,14,sale,2025-12-22,demo_script
Britannia Bread,Bakery,45,10,sale,2025-12-22,demo_script
Tata Tea Gold (500g),Beverages,280,5,sale,2025-12-22,demo_script
Nescafe Classic (50g),Beverages,160,2,sale,2025-12-22,demo_script
Amul Milk (500ml),Dairy,30,55,sale,2025-12-22,demo_script
Surf Excel (1kg),Household,250,3,sale,2025-12-22,demo_script
Vim Dishwash Bar,Household,35,6,sale,2025-12-22,demo_script
Lux Soap,Personal Care,48,6,sale,2025-12-22,demo_script
Colgate Toothpaste,Personal Care,95,5,sale,2025-12-22,demo_script
Eggs (dozen),Daily Essentials,80,7,sale,2025-12-22,demo_script
Amul Butter (100g),Dairy,56,6,sale,2025-12-22,demo_script
Toor Dal,Pulses & Grains,160,8,sale,2025-12-23,demo_script
Basmati Rice (5kg),Pulses & Grains,450,7,sale,2025-12-23,demo_script
Aashirvaad Atta (10kg),Pulses & Grains,520,5,sale,2025-12-23,demo_script
Sugar,Pulses & Grains,45,9,sale,2025-12-23,demo_script
Fortune Sunflower Oil (1L),Cooking,180,8,sale,2025-12-23,demo_script
MDH Garam Masala,Cooking,85,3,sale,2025-12-23,demo_script
Saffola Gold Oil (1L),Cooking,220,3,sale,2025-12-23,demo_script
Maggi Noodles,Snacks,14,29,sale,2025-12-23,demo_script
Parle-G Biscuits,Snacks,10,23,sale,2025-12-23,demo_script
Lays Chips (Small),Snacks,20,17,sale,2025-12-23,demo_script
Britannia Bread,Bakery,45,14,sale,2025-12-23,demo_script
Tata Tea Gold (500g),Beverages,280,3,sale,2025-12-23,demo_script
Nescafe Classic (50g),Beverages,160,3,sale,2025-12-23,demo_script
Amul Milk (500ml),Dairy,30,42,sale,2025-12-23,demo_script
Surf Excel (1kg),Household,250,4,sale,2025-12-23,demo_script
Vim Dishwash Bar,Household,35,6,sale,2025-12-23,demo_script
Lux Soap,Personal Care,48,3,sale,2025-12-23,demo_script
Colgate Toothpaste,Personal Care,95,3,sale,2025-12-23,demo_script
Eggs (dozen),Daily Essentials,80,10,sale,2025-12-23,demo_script
Amul Butter (100g),Dairy,56,9,sale,2025-12-23,demo_script
Toor Dal,Pulses & Grains,160,6,sale,2025-12-24,demo_script
Basmati Rice (5kg),Pulses & Grains,450,6,sale,2025-12-24,demo_script
Aashirvaad Atta (10kg),Pulses & Grains,520,5,sale,2025-12-24,demo_script
Sugar,Pulses & Grains,45,9,sale,2025-12-24,demo_script
Fortune Sunflower Oil (1L),Cooking,180,6,sale,2025-12-24,demo_script
MDH Garam Masala,Cooking,85,3,sale,2025-12-24,demo_script
Saffola Gold Oil (1L),Cooking,220,2,sale,2025-12-24,demo_script
Maggi Noodles,Snacks,14,28,sale,2025-12-24,demo_script
Parle-G Biscuits,Snacks,10,31,sale,2025-12-24,demo_script
Lays Chips (Small),Snacks,20,12,sale,2025-12-24,demo_script
Britannia Bread,Bakery,45,9,sale,2025-12-24,demo_script
Tata Tea Gold (500g),Beverages,280,2,sale,2025-12-24,demo_script
Nescafe Classic (50g),Beverages,160,2,sale,2025-12-24,demo_script
Amul Milk (500ml),Dairy,30,41,sale,2025-12-24,demo_script
Surf Excel (1kg),Household,250,4,sale,2025-12-24,demo_script
Vim Dishwash Bar,Household,35,7,sale,2025-12-24,demo_script
Lux Soap,Personal Care,48,4,sale,2025-12-24,demo_script
Colgate Toothpaste,Personal Care,95,2,sale,2025-12-24,demo_script
Eggs (dozen),Daily Essentials,80,10,sale,2025-12-24,demo_script
Amul Butter (100g),Dairy,56,7,sale,2025-12-24,demo_script
Toor Dal,Pulses & Grains,160,9,sale,2025-12-25,demo_script
Basmati Rice (5kg),Pulses & Grains,450,6,sale,2025-12-25,demo_script
Aashirvaad Atta (10kg),Pulses & Grains,520,6,sale,2025-12-25,demo_script
Sugar,Pulses & Grains,45,13,sale,2025-12-25,demo_script
Fortune Sunflower Oil (1L),Cooking,180,5,sale,2025-12-25,demo_script
MDH Garam Masala,Cooking,85,4,sale,2025-12-25,demo_script
Saffola Gold Oil (1L),Cooking,220,2,sale,2025-12-25,demo_script
Maggi Noodles,Snacks,14,25,sale,2025-12-25,demo_script
Parle-G Biscuits,Snacks,10,30,sale,2025-12-25,demo_script
Lays Chips (Small),Snacks,20,11,sale,2025-12-25,demo_script
Britannia Bread,Bakery,45,15,sale,2025-12-25,demo_script
Tata Tea Gold (500g),Beverages,280,3,sale,2025-12-25,demo_script
Nescafe Classic (50g),Beverages,160,5,sale,2025-12-25,demo_script
Amul Milk (500ml),Dairy,30,29,sale,2025-12-25,demo_script
Surf Excel (1kg),Household,250,4,sale,2025-12-25,demo_script
Vim Dishwash Bar,Household,35,5,sale,2025-12-25,demo_script
Lux Soap,Personal Care,48,3,sale,2025-12-25,demo_script
Colgate Toothpaste,Personal Care,95,5,sale,2025-12-25,demo_script
Eggs (dozen),Daily Essentials,80,11,sale,2025-12-25,demo_script
Amul Butter (100g),Dairy,56,10,sale,2025-12-25,demo_script
Toor Dal,Pulses & Grains,160,10,sale,2025-12-26,demo_script
Basmati Rice (5kg),Pulses & Grains,450,9,sale,2025-12-26,demo_script
Aashirvaad Atta (10kg),Pulses & Grains,520,6,sale,2025-12-26,demo_script
Sugar,Pulses & Grains,45,13,sale,2025-12-26,demo_script
Fortune Sunflower Oil (1L),Cooking,180,5,sale,2025-12-26,demo_script
MDH Garam Masala,Cooking,85,3,sale,2025-12-26,demo_script
Saffola Gold Oil (1L),Cooking,220,2,sale,2025-12-26,demo_script
Maggi Noodles,Snacks,14,17,sale,2025-12-26,demo_script
Parle-G Biscuits,Snacks,10,22,sale,2025-12-26,demo_script
Lays Chips (Small),Snacks,20,15,sale,2025-12-26,demo_script
Britannia Bread,Bakery,45,13,sale,2025-12-26,demo_script
Tata Tea Gold (500g),Beverages,280,3,sale,2025-12-26,demo_script
Nescafe Classic (50g),Beverages,160,2,sale,2025-12-26,demo_script
Amul Milk (500ml),Dairy,30,31,sale,2025-12-26,demo_script
Surf Excel (1kg),Household,250,4,sale,2025-12-26,demo_script
Vim Dishwash Bar,Household,35,6,sale,2025-12-26,demo_script
Lux Soap,Personal Care,48,5,sale,2025-12-26,demo_script
Colgate Toothpaste,Personal Care,95,2,sale,2025-12-26,demo_script
Eggs (dozen),Daily Essentials,80,13,sale,2025-12-26,demo_script
Amul Butter (100g),Dairy,56,7,sale,2025-12-26,demo_script
Toor Dal,Pulses & Grains,160,16,sale,2025-12-27,demo_script
Basmati Rice (5kg),Pulses & Grains,450,10,sale,2025-12-27,demo_script
Aashirvaad Atta (10kg),Pulses & Grains,520,6,sale,2025-12-27,demo_script
Sugar,Pulses & Grains,45,22,sale,2025-12-27,demo_script
Fortune Sunflower Oil (1L),Cooking,180,12,sale,2025-12-27,demo_script
MDH Garam Masala,Cooking,85,5,sale,2025-12-27,demo_script
Saffola Gold Oil (1L),Cooking,220,2,sale,2025-12-27,demo_script
Maggi Noodles,Snacks,14,24,sale,2025-12-27,demo_script
Parle-G Biscuits,Snacks,10,45,sale,2025-12-27,demo_script
Lays Chips (Small),Snacks,20,26,sale,2025-12-27,demo_script
Britannia Bread,Bakery,45,18,sale,2025-12-27,demo_script
Tata Tea Gold (500g),Beverages,280,5,sale,2025-12-27,demo_script
Nescafe Classic (50g),Beverages,160,2,sale,2025-12-27,demo_script
Amul Milk (500ml),Dairy,30,63,sale,2025-12-27,demo_script
Surf Excel (1kg),Household,250,6,sale,2025-12-27,demo_script
Vim Dishwash Bar,Household,35,10,sale,2025-12-27,demo_script
Lux Soap,Personal Care,48,7,sale,2025-12-27,demo_script
Colgate Toothpaste,Personal Care,95,3,sale,2025-12-27,demo_script
Eggs (dozen),Daily Essentials,80,15,sale,2025-12-27,demo_script
Amul Butter (100g),Dairy,56,6,sale,2025-12-27,demo_script
Toor Dal,Pulses & Grains,160,11,sale,2025-12-28,demo_script
Basmati Rice (5kg),Pulses & Grains,450,6,sale,2025-12-28,demo_script
Aashirvaad Atta (10kg),Pulses & Grains,520,7,sale,2025-12-28,demo_script
Sugar,Pulses & Grains,45,11,sale,2025-12-28,demo_script
Fortune Sunflower Oil (1L),Cooking,180,12,sale,2025-12-28,demo_script
MDH Garam Masala,Cooking,85,4,sale,2025-12-28,demo_script
Saffola Gold Oil (1L),Cooking,220,4,sale,2025-12-28,demo_script
Maggi Noodles,Snacks,14,23,sale,2025-12-28,demo_script
Parle-G Biscuits,Snacks,10,45,sale,2025-12-28,demo_script
Lays Chips (Small),Snacks,20,14,sale,2025-12-28,demo_script
Britannia Bread,Bakery,45,15,sale,2025-12-28,demo_script
Tata Tea Gold (500g),Beverages,280,7,sale,2025-12-28,demo_script
Nescafe Classic (50g),Beverages,160,5,sale,2025-12-28,demo_script
Amul Milk (500ml),Dairy,30,52,sale,2025-12-28,demo_script
Surf Excel (1kg),Household,250,6,sale,2025-12-28,demo_script
Vim Dishwash Bar,Household,35,8,sale,2025-12-28,demo_script
Lux Soap,Personal Care,48,7,sale,2025-12-28,demo_script
Colgate Toothpaste,Personal Care,95,6,sale,2025-12-28,demo_script
Eggs (dozen),Daily Essentials,80,11,sale,2025-12-28,demo_script
Amul Butter (100g),Dairy,56,10,sale,2025-12-28,demo_script
Toor Dal,Pulses & Grains,160,10,sale,2025-12-29,demo_script
Basmati Rice (5kg),Pulses & Grains,450,9,sale,2025-12-29,demo_script
Aashirvaad Atta (10kg),Pulses & Grains,520,3,sale,2025-12-29,demo_script
Sugar,Pulses & Grains,45,15,sale,2025-12-29,demo_script
Fortune Sunflower Oil (1L),Cooking,180,6,sale,2025-12-29,demo_script
MDH Garam Masala,Cooking,85,4,sale,2025-12-29,demo_script
Saffola Gold Oil (1L),Cooking,220,2,sale,2025-12-29,demo_script
Maggi Noodles,Snacks,14,23,sale,2025-12-29,demo_script
Parle-G Biscuits,Snacks,10,20,sale,2025-12-29,demo_script
Lays Chips (Small),Snacks,20,17,sale,2025-12-29,demo_script
Britannia Bread,Bakery,45,8,sale,2025-12-29,demo_script
Tata Tea Gold (500g),Beverages,280,6,sale,2025-12-29,demo_script
Nescafe Classic (50g),Beverages,160,3,sale,2025-12-29,demo_script
Amul Milk (500ml),Dairy,30,39,sale,2025-12-29,demo_script
Surf Excel (1kg),Household,250,2,sale,2025-12-29,demo_script
Vim Dishwash Bar,Household,35,7,sale,2025-12-29,demo_script
Lux Soap,Personal Care,48,5,sale,2025-12-29,demo_script
Colgate Toothpaste,Personal Care,95,3,sale,2025-12-29,demo_script
Eggs (dozen),Daily Essentials,80,12,sale,2025-12-29,demo_script
Amul Butter (100g),Dairy,56,5,sale,2025-12-29,demo_script
Toor Dal,Pulses & Grains,160,10,sale,2025-12-30,demo_script
Basmati Rice (5kg),Pulses & Grains,450,5,sale,2025-12-30,demo_script
Aashirvaad Atta (10kg),Pulses & Grains,520,5,sale,2025-12-30,demo_script
Sugar,Pulses & Grains,45,11,sale,2025-12-30,demo_script
Fortune Sunflower Oil (1L),Cooking,180,9,sale,2025-12-30,demo_script
MDH Garam Masala,Cooking,85,4,sale,2025-12-30,demo_script
Saffola Gold Oil (1L),Cooking,220,2,sale,2025-12-30,demo_script
Maggi Noodles,Snacks,14,28,sale,2025-12-30,demo_script
Parle-G Biscuits,Snacks,10,33,sale,2025-12-30,demo_script
Lays Chips (Small),Snacks,20,9,sale,2025-12-30,demo_script
Britannia Bread,Bakery,45,14,sale,2025-12-30,demo_script
Tata Tea Gold (500g),Beverages,280,2,sale,2025-12-30,demo_script
Nescafe Classic (50g),Beverages,160,3,sale,2025-12-30,demo_script
Amul Milk (500ml),Dairy,30,33,sale,2025-12-30,demo_script
Surf Excel (1kg),Household,250,4,sale,2025-12-30,demo_script
Vim Dishwash Bar,Household,35,5,sale,2025-12-30,demo_script
Lux Soap,Personal Care,48,4,sale,2025-12-30,demo_script
Colgate Toothpaste,Personal Care,95,4,sale,2025-12-30,demo_script
Eggs (dozen),Daily Essentials,80,8,sale,2025-12-30,demo_script
Amul Butter (100g),Dairy,56,5,sale,2025-12-30,demo_script
Toor Dal,Pulses & Grains,160,7,sale,2025-12-31,demo_script
Basmati Rice (5kg),Pulses & Grains,450,9,sale,2025-12-31,demo_script
Aashirvaad Atta (10kg),Pulses & Grains,520,7,sale,2025-12-31,demo_script
Sugar,Pulses & Grains,45,13,sale,2025-12-31,demo_script
Fortune Sunflower Oil (1L),Cooking,180,7,sale,2025-12-31,demo_script
MDH Garam Masala,Cooking,85,3,sale,2025-12-31,demo_script
Saffola Gold Oil (1L),Cooking,220,2,sale,2025-12-31,demo_script
Maggi Noodles,Snacks,14,16,sale,2025-12-31,demo_script
Parle-G Biscuits,Snacks,10,24,sale,2025-12-31,demo_script
Lays Chips (Small),Snacks,20,17,sale,2025-12-31,demo_script
Britannia Bread,Bakery,45,9,sale,2025-12-31,demo_script
Tata Tea Gold (500g),Beverages,280,3,sale,2025-12-31,demo_script
Nescafe Classic (50g),Beverages,160,3,sale,2025-12-31,demo_script
Amul Milk (500ml),Dairy,30,46,sale,2025-12-31,demo_script
Surf Excel (1kg),Household,250,3,sale,2025-12-31,demo_script
Vim Dishwash Bar,Household,35,6,sale,2025-12-31,demo_script
Lux Soap,Personal Care,48,3,sale,2025-12-31,demo_script
Colgate Toothpaste,Personal Care,95,4,sale,2025-12-31,demo_script
Eggs (dozen),Daily Essentials,80,10,sale,2025-12-31,demo_script
Amul Butter (100g),Dairy,56,5,sale,2025-12-31,demo_script
Toor Dal,Pulses & Grains,160,10,sale,2026-01-01,demo_script
Toor Dal,Pulses & Grains,160,114,restock,2026-01-01,demo_script
Basmati Rice (5kg),Pulses & Grains,450,5,sale,2026-01-01,demo_script
Basmati Rice (5kg),Pulses & Grains,450,96,restock,2026-01-01,demo_script
Aashirvaad Atta (10kg),Pulses & Grains,520,3,sale,2026-01-01,demo_script
Aashirvaad Atta (10kg),Pulses & Grains,520,81,restock,2026-01-01,demo_script
Sugar,Pulses & Grains,45,9,sale,2026-01-01,demo_script
Sugar,Pulses & Grains,45,133,restock,2026-01-01,demo_script
Fortune Sunflower Oil (1L),Cooking,180,7,sale,2026-01-01,demo_script
Fortune Sunflower Oil (1L),Cooking,180,93,restock,2026-01-01,demo_script
MDH Garam Masala,Cooking,85,4,sale,2026-01-01,demo_script
MDH Garam Masala,Cooking,85,59,restock,2026-01-01,demo_script
Saffola Gold Oil (1L),Cooking,220,3,sale,2026-01-01,demo_script
Saffola Gold Oil (1L),Cooking,220,41,restock,2026-01-01,demo_script
Maggi Noodles,Snacks,14,20,sale,2026-01-01,demo_script
Maggi Noodles,Snacks,14,316,restock,2026-01-01,demo_script
Parle-G Biscuits,Snacks,10,28,sale,2026-01-01,demo_script
Parle-G Biscuits,Snacks,10,438,restock,2026-01-01,demo_script
Lays Chips (Small),Snacks,20,17,sale,2026-01-01,demo_script
Lays Chips (Small),Snacks,20,201,restock,2026-01-01,demo_script
Britannia Bread,Bakery,45,15,sale,2026-01-01,demo_script
Britannia Bread,Bakery,45,181,restock,2026-01-01,demo_script
Tata Tea Gold (500g),Beverages,280,2,sale,2026-01-01,demo_script
Tata Tea Gold (500g),Beverages,280,54,restock,2026-01-01,demo_script
Nescafe Classic (50g),Beverages,160,3,sale,2026-01-01,demo_script
Nescafe Classic (50g),Beverages,160,49,restock,2026-01-01,demo_script
Amul Milk (500ml),Dairy,30,46,sale,2026-01-01,demo_script
Amul Milk (500ml),Dairy,30,455,restock,2026-01-01,demo_script
Surf Excel (1kg),Household,250,3,sale,2026-01-01,demo_script
Surf Excel (1kg),Household,250,50,restock,2026-01-01,demo_script
Vim Dishwash Bar,Household,35,7,sale,2026-01-01,demo_script
Vim Dishwash Bar,Household,35,95,restock,2026-01-01,demo_script
Lux Soap,Personal Care,48,6,sale,2026-01-01,demo_script
Lux Soap,Personal Care,48,70,restock,2026-01-01,demo_script
Colgate Toothpaste,Personal Care,95,5,sale,2026-01-01,demo_script
Colgate Toothpaste,Personal Care,95,50,restock,2026-01-01,demo_script
Eggs (dozen),Daily Essentials,80,8,sale,2026-01-01,demo_script
Eggs (dozen),Daily Essentials,80,148,restock,2026-01-01,demo_script
Amul Butter (100g),Dairy,56,9,sale,2026-01-01,demo_script
Amul Butter (100g),Dairy,56,76,restock,2026-01-01,demo_script
Toor Dal,Pulses & Grains,160,8,sale,2026-01-02,demo_script
Basmati Rice (5kg),Pulses & Grains,450,7,sale,2026-01-02,demo_script
Aashirvaad Atta (10kg),Pulses & Grains,520,5,sale,2026-01-02,demo_script
Sugar,Pulses & Grains,45,12,sale,2026-01-02,demo_script
Fortune Sunflower Oil (1L),Cooking,180,5,sale,2026-01-02,demo_script
MDH Garam Masala,Cooking,85,4,sale,2026-01-02,demo_script
Saffola Gold Oil (1L),Cooking,220,2,sale,2026-01-02,demo_script
Maggi Noodles,Snacks,14,16,sale,2026-01-02,demo_script
Parle-G Biscuits,Snacks,10,30,sale,2026-01-02,demo_script
Lays Chips (Small),Snacks,20,17,sale,2026-01-02,demo_script
Britannia Bread,Bakery,45,14,sale,2026-01-02,demo_script
Tata Tea Gold (500g),Beverages,280,6,sale,2026-01-02,demo_script
Nescafe Classic (50g),Beverages,160,3,sale,2026-01-02,demo_script
Amul Milk (500ml),Dairy,30,37,sale,2026-01-02,demo_script
Surf Excel (1kg),Household,250,3,sale,2026-01-02,demo_script
Vim Dishwash Bar,Household,35,4,sale,2026-01-02,demo_script
Lux Soap,Personal Care,48,4,sale,2026-01-02,demo_script
Colgate Toothpaste,Personal Care,95,4,sale,2026-01-02,demo_script
Eggs (dozen),Daily Essentials,80,7,sale,2026-01-02,demo_script
Amul Butter (100g),Dairy,56,5,sale,2026-01-02,demo_script
Toor Dal,Pulses & Grains,160,8,sale,2026-01-03,demo_script
Basmati Rice (5kg),Pulses & Grains,450,7,sale,2026-01-03,demo_script
Aashirvaad Atta (10kg),Pulses & Grains,520,5,sale,2026-01-03,demo_script
Sugar,Pulses & Grains,45,16,sale,2026-01-03,demo_script
Fortune Sunflower Oil (1L),Cooking,180,8,sale,2026-01-03,demo_script
MDH Garam Masala,Cooking,85,4,sale,2026-01-03,demo_script
Saffola Gold Oil (1L),Cooking,220,4,sale,2026-01-03,demo_script
Maggi Noodles,Snacks,14,38,sale,2026-01-03,demo_script
Parle-G Biscuits,Snacks,10,34,sale,2026-01-03,demo_script
Lays Chips (Small),Snacks,20,15,sale,2026-01-03,demo_script
Britannia Bread,Bakery,45,17,sale,2026-01-03,demo_script
Tata Tea Gold (500g),Beverages,280,5,sale,2026-01-03,demo_script
Nescafe Classic (50g),Beverages,160,3,sale,2026-01-03,demo_script
Amul Milk (500ml),Dairy,30,76,sale,2026-01-03,demo_script
Surf Excel (1kg),Household,250,7,sale,2026-01-03,demo_script
Vim Dishwash Bar,Household,35,10,sale,2026-01-03,demo_script
Lux Soap,Personal Care,48,5,sale,2026-01-03,demo_script
Colgate Toothpaste,Personal Care,95,4,sale,2026-01-03,demo_script
Eggs (dozen),Daily Essentials,80,15,sale,2026-01-03,demo_script
Amul Butter (100g),Dairy,56,11,sale,2026-01-03,demo_script
Toor Dal,Pulses & Grains,160,13,sale,2026-01-04,demo_script
Basmati Rice (5kg),Pulses & Grains,450,9,sale,2026-01-04,demo_script
Aashirvaad Atta (10kg),Pulses & Grains,520,6,sale,2026-01-04,demo_script
Sugar,Pulses & Grains,45,14,sale,2026-01-04,demo_script
Fortune Sunflower Oil (1L),Cooking,180,11,sale,2026-01-04,demo_script
MDH Garam Masala,Cooking,85,5,sale,2026-01-04,demo_script
Saffola Gold Oil (1L),Cooking,220,3,sale,2026-01-04,demo_script
Maggi Noodles,Snacks,14,42,sale,2026-01-04,demo_script
Parle-G Biscuits,Snacks,10,40,sale,2026-01-04,demo_script
Lays Chips (Small),Snacks,20,15,sale,2026-01-04,demo_script
Britannia Bread,Bakery,45,10,sale,2026-01-04,demo_script
Tata Tea Gold (500g),Beverages,280,7,sale,2026-01-04,demo_script
Nescafe Classic (50g),Beverages,160,6,sale,2026-01-04,demo_script
Amul Milk (500ml),Dairy,30,66,sale,2026-01-04,demo_script
Surf Excel (1kg),Household,250,4,sale,2026-01-04,demo_script
Vim Dishwash Bar,Household,35,7,sale,2026-01-04,demo_script
Lux Soap,Personal Care,48,6,sale,2026-01-04,demo_script
Colgate Toothpaste,Personal Care,95,4,sale,2026-01-04,demo_script
Eggs (dozen),Daily Essentials,80,16,sale,2026-01-04,demo_script
Amul Butter (100g),Dairy,56,7,sale,2026-01-04,demo_script
Toor Dal,Pulses & Grains,160,10,sale,2026-01-05,demo_script
Basmati Rice (5kg),Pulses & Grains,450,7,sale,2026-01-05,demo_script
Aashirvaad Atta (10kg),Pulses & Grains,520,5,sale,2026-01-05,demo_script
Sugar,Pulses & Grains,45,9,sale,2026-01-05,demo_script
Fortune Sunflower Oil (1L),Cooking,180,4,sale,2026-01-05,demo_script
MDH Garam Masala,Cooking,85,3,sale,2026-01-05,demo_script
Saffola Gold Oil (1L),Cooking,220,3,sale,2026-01-05,demo_script
Maggi Noodles,Snacks,14,16,sale,2026-01-05,demo_script
Parle-G Biscuits,Snacks,10,38,sale,2026-01-05,demo_script
Lays Chips (Small),Snacks,20,13,sale,2026-01-05,demo_script
Britannia Bread,Bakery,45,8,sale,2026-01-05,demo_script
Tata Tea Gold (500g),Beverages,280,3,sale,2026-01-05,demo_script
Nescafe Classic (50g),Beverages,160,3,sale,2026-01-05,demo_script
Amul Milk (500ml),Dairy,30,59,sale,2026-01-05,demo_script
Surf Excel (1kg),Household,250,5,sale,2026-01-05,demo_script
Vim Dishwash Bar,Household,35,7,sale,2026-01-05,demo_script
Lux Soap,Personal Care,48,3,sale,2026-01-05,demo_script
Colgate Toothpaste,Personal Care,95,4,sale,2026-01-05,demo_script
Eggs (dozen),Daily Essentials,80,10,sale,2026-01-05,demo_script
Amul Butter (100g),Dairy,56,7,sale,2026-01-05,demo_script
Toor Dal,Pulses & Grains,160,6,sale,2026-01-06,demo_script
Basmati Rice (5kg),Pulses & Grains,450,4,sale,2026-01-06,demo_script
Aashirvaad Atta (10kg),Pulses & Grains,520,4,sale,2026-01-06,demo_script
Sugar,Pulses & Grains,45,7,sale,2026-01-06,demo_script
Fortune Sunflower Oil (1L),Cooking,180,7,sale,2026-01-06,demo_script
MDH Garam Masala,Cooking,85,2,sale,2026-01-06,demo_script
Saffola Gold Oil (1L),Cooking,220,2,sale,2026-01-06,demo_script
Maggi Noodles,Snacks,14,18,sale,2026-01-06,demo_script
Parle-G Biscuits,Snacks,10,20,sale,2026-01-06,demo_script
Lays Chips (Small),Snacks,20,14,sale,2026-01-06,demo_script
Britannia Bread,Bakery,45,8,sale,2026-01-06,demo_script
Tata Tea Gold (500g),Beverages,280,5,sale,2026-01-06,demo_script
Nescafe Classic (50g),Beverages,160,2,sale,2026-01-06,demo_script
Amul Milk (500ml),Dairy,30,52,sale,2026-01-06,demo_script
Surf Excel (1kg),Household,250,4,sale,2026-01-06,demo_script
Vim Dishwash Bar,Household,35,6,sale,2026-01-06,demo_script
Lux Soap,Personal Care,48,4,sale,2026-01-06,demo_script
Colgate Toothpaste,Personal Care,95,3,sale,2026-01-06,demo_script
Eggs (dozen),Daily Essentials,80,12,sale,2026-01-06,demo_script
Amul Butter (100g),Dairy,56,5,sale,2026-01-06,demo_script
Toor Dal,Pulses & Grains,160,6,sale,2026-01-07,demo_script
Basmati Rice (5kg),Pulses & Grains,450,7,sale,2026-01-07,demo_script
Aashirvaad Atta (10kg),Pulses & Grains,520,3,sale,2026-01-07,demo_script
Sugar,Pulses & Grains,45,8,sale,2026-01-07,demo_script
Fortune Sunflower Oil (1L),Cooking,180,6,sale,2026-01-07,demo_script
MDH Garam Masala,Cooking,85,3,sale,2026-01-07,demo_script
Saffola Gold Oil (1L),Cooking,220,3,sale,2026-01-07,demo_script
Maggi Noodles,Snacks,14,20,sale,2026-01-07,demo_script
Parle-G Biscuits,Snacks,10,35,sale,2026-01-07,demo_script
Lays Chips (Small),Snacks,20,12,sale,2026-01-07,demo_script
Britannia Bread,Bakery,45,9,sale,2026-01-07,demo_script
Tata Tea Gold (500g),Beverages,280,5,sale,2026-01-07,demo_script
Nescafe Classic (50g),Beverages,160,3,sale,2026-01-07,demo_script
Amul Milk (500ml),Dairy,30,61,sale,2026-01-07,demo_script
Surf Excel (1kg),Household,250,3,sale,2026-01-07,demo_script
Vim Dishwash Bar,Household,35,5,sale,2026-01-07,demo_script
Lux Soap,Personal Care,48,4,sale,2026-01-07,demo_script
Colgate Toothpaste,Personal Care,95,3,sale,2026-01-07,demo_script
Eggs (dozen),Daily Essentials,80,10,sale,2026-01-07,demo_script
Amul Butter (100g),Dairy,56,6,sale,2026-01-07,demo_script
Toor Dal,Pulses & Grains,160,6,sale,2026-01-08,demo_script
Basmati Rice (5kg),Pulses & Grains,450,7,sale,2026-01-08,demo_script
Aashirvaad Atta (10kg),Pulses & Grains,520,5,sale,2026-01-08,demo_script
Sugar,Pulses & Grains,45,7,sale,2026-01-08,demo_script
Fortune Sunflower Oil (1L),Cooking,180,5,sale,2026-01-08,demo_script
MDH Garam Masala,Cooking,85,3,sale,2026-01-08,demo_script
Saffola Gold Oil (1L),Cooking,220,2,sale,2026-01-08,demo_script
Maggi Noodles,Snacks,14,18,sale,2026-01-08,demo_script
Parle-G Biscuits,Snacks,10,22,sale,2026-01-08,demo_script
Lays Chips (Small),Snacks,20,10,sale,2026-01-08,demo_script
Britannia Bread,Bakery,45,8,sale,2026-01-08,demo_script
Tata Tea Gold (500g),Beverages,280,3,sale,2026-01-08,demo_script
Nescafe Classic (50g),Beverages,160,2,sale,2026-01-08,demo_script
Amul Milk (500ml),Dairy,30,42,sale,2026-01-08,demo_script
Surf Excel (1kg),Household,250,4,sale,2026-01-08,demo_script
Vim Dishwash Bar,Household,35,5,sale,2026-01-08,demo_script
Lux Soap,Personal Care,48,6,sale,2026-01-08,demo_script
Colgate Toothpaste,Personal Care,95,4,sale,2026-01-08,demo_script
Eggs (dozen),Daily Essentials,80,12,sale,2026-01-08,demo_script
Amul Butter (100g),Dairy,56,6,sale,2026-01-08,demo_script
Toor Dal,Pulses & Grains,160,8,sale,2026-01-09,demo_script
Basmati Rice (5kg),Pulses & Grains,450,7,sale,2026-01-09,demo_script
Aashirvaad Atta (10kg),Pulses & Grains,520,3,sale,2026-01-09,demo_script
Sugar,Pulses & Grains,45,12,sale,2026-01-09,demo_script
Fortune Sunflower Oil (1L),Cooking,180,8,sale,2026-01-09,demo_script
MDH Garam Masala,Cooking,85,4,sale,2026-01-09,demo_script
Saffola Gold Oil (1L),Cooking,220,2,sale,2026-01-09,demo_script
Maggi Noodles,Snacks,14,29,sale,2026-01-09,demo_script
Parle-G Biscuits,Snacks,10,25,sale,2026-01-09,demo_script
Lays Chips (Small),Snacks,20,10,sale,2026-01-09,demo_script
Britannia Bread,Bakery,45,13,sale,2026-01-09,demo_script
Tata Tea Gold (500g),Beverages,280,3,sale,2026-01-09,demo_script
Nescafe Classic (50g),Beverages,160,3,sale,2026-01-09,demo_script
Amul Milk (500ml),Dairy,30,59,sale,2026-01-09,demo_script
Surf Excel (1kg),Household,250,4,sale,2026-01-09,demo_script
Vim Dishwash Bar,Household,35,5,sale,2026-01-09,demo_script
Lux Soap,Personal Care,48,4,sale,2026-01-09,demo_script
Colgate Toothpaste,Personal Care,95,4,sale,2026-01-09,demo_script
Eggs (dozen),Daily Essentials,80,9,sale,2026-01-09,demo_script
Amul Butter (100g),Dairy,56,6,sale,2026-01-09,demo_script
Toor Dal,Pulses & Grains,160,12,sale,2026-01-10,demo_script
Toor Dal,Pulses & Grains,160,104,restock,2026-01-10,demo_script
Basmati Rice (5kg),Pulses & Grains,450,9,sale,2026-01-10,demo_script
Basmati Rice (5kg),Pulses & Grains,450,97,restock,2026-01-10,demo_script
Aashirvaad Atta (10kg),Pulses & Grains,520,8,sale,2026-01-10,demo_script
Aashirvaad Atta (10kg),Pulses & Grains,520,64,restock,2026-01-10,demo_script
Sugar,Pulses & Grains,45,15,sale,2026-01-10,demo_script
Sugar,Pulses & Grains,45,155,restock,2026-01-10,demo_script
Fortune Sunflower Oil (1L),Cooking,180,11,sale,2026-01-10,demo_script
Fortune Sunflower Oil (1L),Cooking,180,103,restock,2026-01-10,demo_script
MDH Garam Masala,Cooking,85,4,sale,2026-01-10,demo_script
MDH Garam Masala,Cooking,85,60,restock,2026-01-10,demo_script
Saffola Gold Oil (1L),Cooking,220,3,sale,2026-01-10,demo_script
Saffola Gold Oil (1L),Cooking,220,43,restock,2026-01-10,demo_script
Maggi Noodles,Snacks,14,36,sale,2026-01-10,demo_script
Maggi Noodles,Snacks,14,344,restock,2026-01-10,demo_script
Parle-G Biscuits,Snacks,10,49,sale,2026-01-10,demo_script
Parle-G Biscuits,Snacks,10,411,restock,2026-01-10,demo_script
Lays Chips (Small),Snacks,20,21,sale,2026-01-10,demo_script
Lays Chips (Small),Snacks,20,190,restock,2026-01-10,demo_script
Britannia Bread,Bakery,45,14,sale,2026-01-10,demo_script
Britannia Bread,Bakery,45,157,restock,2026-01-10,demo_script
Tata Tea Gold (500g),Beverages,280,6,sale,2026-01-10,demo_script
Tata Tea Gold (500g),Beverages,280,53,restock,2026-01-10,demo_script
Nescafe Classic (50g),Beverages,160,3,sale,2026-01-10,demo_script
Nescafe Classic (50g),Beverages,160,38,restock,2026-01-10,demo_script
Amul Milk (500ml),Dairy,30,48,sale,2026-01-10,demo_script
Amul Milk (500ml),Dairy,30,463,restock,2026-01-10,demo_script
Surf Excel (1kg),Household,250,7,sale,2026-01-10,demo_script
Surf Excel (1kg),Household,250,53,restock,2026-01-10,demo_script
Vim Dishwash Bar,Household,35,10,sale,2026-01-10,demo_script
Vim Dishwash Bar,Household,35,83,restock,2026-01-10,demo_script
Lux Soap,Personal Care,48,4,sale,2026-01-10,demo_script
Lux Soap,Personal Care,48,76,restock,2026-01-10,demo_script
Colgate Toothpaste,Personal Care,95,5,sale,2026-01-10,demo_script
Colgate Toothpaste,Personal Care,95,54,restock,2026-01-10,demo_script
Eggs (dozen),Daily Essentials,80,8,sale,2026-01-10,demo_script
Eggs (dozen),Daily Essentials,80,133,restock,2026-01-10,demo_script
Amul Butter (100g),Dairy,56,10,sale,2026-01-10,demo_script
Amul Butter (100g),Dairy,56,84,restock,2026-01-10,demo_script
Toor Dal,Pulses & Grains,160,14,sale,2026-01-11,demo_script
Basmati Rice (5kg),Pulses & Grains,450,6,sale,2026-01-11,demo_script
Aashirvaad Atta (10kg),Pulses & Grains,520,6,sale,2026-01-11,demo_script
Sugar,Pulses & Grains,45,15,sale,2026-01-11,demo_script
Fortune Sunflower Oil (1L),Cooking,180,7,sale,2026-01-11,demo_script
MDH Garam Masala,Cooking,85,4,sale,2026-01-11,demo_script
Saffola Gold Oil (1L),Cooking,220,3,sale,2026-01-11,demo_script
Maggi Noodles,Snacks,14,37,sale,2026-01-11,demo_script
Parle-G Biscuits,Snacks,10,49,sale,2026-01-11,demo_script
Lays Chips (Small),Snacks,20,13,sale,2026-01-11,demo_script
Britannia Bread,Bakery,45,13,sale,2026-01-11,demo_script
Tata Tea Gold (500g),Beverages,280,5,sale,2026-01-11,demo_script
Nescafe Classic (50g),Beverages,160,2,sale,2026-01-11,demo_script
Amul Milk (500ml),Dairy,30,46,sale,2026-01-11,demo_script
Surf Excel (1kg),Household,250,3,sale,2026-01-11,demo_script
Vim Dishwash Bar,Household,35,10,sale,2026-01-11,demo_script
Lux Soap,Personal Care,48,4,sale,2026-01-11,demo_script
Colgate Toothpaste,Personal Care,95,6,sale,2026-01-11,demo_script
Eggs (dozen),Daily Essentials,80,9,sale,2026-01-11,demo_script
Amul Butter (100g),Dairy,56,6,sale,2026-01-11,demo_script
Toor Dal,Pulses & Grains,160,10,sale,2026-01-12,demo_script
Basmati Rice (5kg),Pulses & Grains,450,6,sale,2026-01-12,demo_script
Aashirvaad Atta (10kg),Pulses & Grains,520,5,sale,2026-01-12,demo_script
Sugar,Pulses & Grains,45,9,sale,2026-01-12,demo_script
Fortune Sunflower Oil (1L),Cooking,180,6,sale,2026-01-12,demo_script
MDH Garam Masala,Cooking,85,5,sale,2026-01-12,demo_script
Saffola Gold Oil (1L),Cooking,220,3,sale,2026-01-12,demo_script
Maggi Noodles,Snacks,14,31,sale,2026-01-12,demo_script
Parle-G Biscuits,Snacks,10,32,sale,2026-01-12,demo_script
Lays Chips (Small),Snacks,20,16,sale,2026-01-12,demo_script
Britannia Bread,Bakery,45,14,sale,2026-01-12,demo_script
Tata Tea Gold (500g),Beverages,280,3,sale,2026-01-12,demo_script
Nescafe Classic (50g),Beverages,160,3,sale,2026-01-12,demo_script
Amul Milk (500ml),Dairy,30,33,sale,2026-01-12,demo_script
Surf Excel (1kg),Household,250,4,sale,2026-01-12,demo_script
Vim Dishwash Bar,Household,35,8,sale,2026-01-12,demo_script
Lux Soap,Personal Care,48,3,sale,2026-01-12,demo_script
Colgate Toothpaste,Personal Care,95,4,sale,2026-01-12,demo_script
Eggs (dozen),Daily Essentials,80,8,sale,2026-01-12,demo_script
Amul Butter (100g),Dairy,56,6,sale,2026-01-12,demo_script
Toor Dal,Pulses & Grains,160,6,sale,2026-01-13,demo_script
Basmati Rice (5kg),Pulses & Grains,450,7,sale,2026-01-13,demo_script
Aashirvaad Atta (10kg),Pulses & Grains,520,3,sale,2026-01-13,demo_script
Sugar,Pulses & Grains,45,7,sale,2026-01-13,demo_script
Fortune Sunflower Oil (1L),Cooking,180,5,sale,2026-01-13,demo_script
MDH Garam Masala,Cooking,85,3,sale,2026-01-13,demo_script
Saffola Gold Oil (1L),Cooking,220,3,sale,2026-01-13,demo_script
Maggi Noodles,Snacks,14,21,sale,2026-01-13,demo_script
Parle-G Biscuits,Snacks,10,37,sale,2026-01-13,demo_script
Lays Chips (Small),Snacks,20,14,sale,2026-01-13,demo_script
Britannia Bread,Bakery,45,9,sale,2026-01-13,demo_script
Tata Tea Gold (500g),Beverages,280,5,sale,2026-01-13,demo_script
Nescafe Classic (50g),Beverages,160,2,sale,2026-01-13,demo_script
Amul Milk (500ml),Dairy,30,57,sale,2026-01-13,demo_script
Surf Excel (1kg),Household,250,3,sale,2026-01-13,demo_script
Vim Dishwash Bar,Household,35,7,sale,2026-01-13,demo_script
Lux Soap,Personal Care,48,3,sale,2026-01-13,demo_script
Colgate Toothpaste,Personal Care,95,5,sale,2026-01-13,demo_script
Eggs (dozen),Daily Essentials,80,11,sale,2026-01-13,demo_script
Amul Butter (100g),Dairy,56,7,sale,2026-01-13,demo_script
Toor Dal,Pulses & Grains,160,10,sale,2026-01-14,demo_script
Basmati Rice (5kg),Pulses & Grains,450,8,sale,2026-01-14,demo_script
Aashirvaad Atta (10kg),Pulses & Grains,520,6,sale,2026-01-14,demo_script
Sugar,Pulses & Grains,45,8,sale,2026-01-14,demo_script
Fortune Sunflower Oil (1L),Cooking,180,6,sale,2026-01-14,demo_script
MDH Garam Masala,Cooking,85,4,sale,2026-01-14,demo_script
Saffola Gold Oil (1L),Cooking,220,2,sale,2026-01-14,demo_script
Maggi Noodles,Snacks,14,23,sale,2026-01-14,demo_script
Parle-G Biscuits,Snacks,10,31,sale,2026-01-14,demo_script
Lays Chips (Small),Snacks,20,19,sale,2026-01-14,demo_script
Britannia Bread,Bakery,45,13,sale,2026-01-14,demo_script
Tata Tea Gold (500g),Beverages,280,3,sale,2026-01-14,demo_script
Nescafe Classic (50g),Beverages,160,2,sale,2026-01-14,demo_script
Amul Milk (500ml),Dairy,30,36,sale,2026-01-14,demo_script
Surf Excel (1kg),Household,250,4,sale,2026-01-14,demo_script
Vim Dishwash Bar,Household,35,6,sale,2026-01-14,demo_script
Lux Soap,Personal Care,48,5,sale,2026-01-14,demo_script
Colgate Toothpaste,Personal Care,95,4,sale,2026-01-14,demo_script
Eggs (dozen),Daily Essentials,80,8,sale,2026-01-14,demo_script
Amul Butter (100g),Dairy,56,6,sale,2026-01-14,demo_script
Toor Dal,Pulses & Grains,160,9,sale,2026-01-15,demo_script
Basmati Rice (5kg),Pulses & Grains,450,5,sale,2026-01-15,demo_script
Aashirvaad Atta (10kg),Pulses & Grains,520,5,sale,2026-01-15,demo_script
Sugar,Pulses & Grains,45,9,sale,2026-01-15,demo_script
Fortune Sunflower Oil (1L),Cooking,180,6,sale,2026-01-15,demo_script
MDH Garam Masala,Cooking,85,4,sale,2026-01-15,demo_script
Saffola Gold Oil (1L),Cooking,220,2,sale,2026-01-15,demo_script
Maggi Noodles,Snacks,14,18,sale,2026-01-15,demo_script
Parle-G Biscuits,Snacks,10,23,sale,2026-01-15,demo_script
Lays Chips (Small),Snacks,20,10,sale,2026-01-15,demo_script
Britannia Bread,Bakery,45,8,sale,2026-01-15,demo_script
Tata Tea Gold (500g),Beverages,280,3,sale,2026-01-15,demo_script
Nescafe Classic (50g),Beverages,160,2,sale,2026-01-15,demo_script
Amul Milk (500ml),Dairy,30,45,sale,2026-01-15,demo_script
Surf Excel (1kg),Household,250,3,sale,2026-01-15,demo_script
Vim Dishwash Bar,Household,35,5,sale,2026-01-15,demo_script
Lux Soap,Personal Care,48,5,sale,2026-01-15,demo_script
Colgate Toothpaste,Personal Care,95,3,sale,2026-01-15,demo_script
Eggs (dozen),Daily Essentials,80,10,sale,2026-01-15,demo_script
Amul Butter (100g),Dairy,56,7,sale,2026-01-15,demo_script
Toor Dal,Pulses & Grains,160,7,sale,2026-01-16,demo_script
Basmati Rice (5kg),Pulses & Grains,450,4,sale,2026-01-16,demo_script
Aashirvaad Atta (10kg),Pulses & Grains,520,5,sale,2026-01-16,demo_script
Sugar,Pulses & Grains,45,12,sale,2026-01-16,demo_script
Fortune Sunflower Oil (1L),Cooking,180,5,sale,2026-01-16,demo_script
MDH Garam Masala,Cooking,85,4,sale,2026-01-16,demo_script
Saffola Gold Oil (1L),Cooking,220,3,sale,2026-01-16,demo_script
Maggi Noodles,Snacks,14,17,sale,2026-01-16,demo_script
Parle-G Biscuits,Snacks,10,23,sale,2026-01-16,demo_script
Lays Chips (Small),Snacks,20,15,sale,2026-01-16,demo_script
Britannia Bread,Bakery,45,7,sale,2026-01-16,demo_script
Tata Tea Gold (500g),Beverages,280,3,sale,2026-01-16,demo_script
Nescafe Classic (50g),Beverages,160,2,sale,2026-01-16,demo_script
Amul Milk (500ml),Dairy,30,44,sale,2026-01-16,demo_script
Surf Excel (1kg),Household,250,4,sale,2026-01-16,demo_script
Vim Dishwash Bar,Household,35,4,sale,2026-01-16,demo_script
Lux Soap,Personal Care,48,4,sale,2026-01-16,demo_script
Colgate Toothpaste,Personal Care,95,3,sale,2026-01-16,demo_script
Eggs (dozen),Daily Essentials,80,6,sale,2026-01-16,demo_script
Amul Butter (100g),Dairy,56,5,sale,2026-01-16,demo_script
Toor Dal,Pulses & Grains,160,9,sale,2026-01-17,demo_script
Basmati Rice (5kg),Pulses & Grains,450,10,sale,2026-01-17,demo_script
Aashirvaad Atta (10kg),Pulses & Grains,520,8,sale,2026-01-17,demo_script
Sugar,Pulses & Grains,45,11,sale,2026-01-17,demo_script
Fortune Sunflower Oil (1L),Cooking,180,11,sale,2026-01-17,demo_script
MDH Garam Masala,Cooking,85,6,sale,2026-01-17,demo_script
Saffola Gold Oil (1L),Cooking,220,3,sale,2026-01-17,demo_script
Maggi Noodles,Snacks,14,23,sale,2026-01-17,demo_script
Parle-G Biscuits,Snacks,10,26,sale,2026-01-17,demo_script
Lays Chips (Small),Snacks,20,17,sale,2026-01-17,demo_script
Britannia Bread,Bakery,45,16,sale,2026-01-17,demo_script
Tata Tea Gold (500g),Beverages,280,5,sale,2026-01-17,demo_script
Nescafe Classic (50g),Beverages,160,2,sale,2026-01-17,demo_script
Amul Milk (500ml),Dairy,30,78,sale,2026-01-17,demo_script
Surf Excel (1kg),Household,250,6,sale,2026-01-17,demo_script
Vim Dishwash Bar,Household,35,10,sale,2026-01-17,demo_script
Lux Soap,Personal Care,48,7,sale,2026-01-17,demo_script
Colgate Toothpaste,Personal Care,95,4,sale,2026-01-17,demo_script
Eggs (dozen),Daily Essentials,80,16,sale,2026-01-17,demo_script
Amul Butter (100g),Dairy,56,7,sale,2026-01-17,demo_script
Toor Dal,Pulses & Grains,160,7,sale,2026-01-18,demo_script
Basmati Rice (5kg),Pulses & Grains,450,6,sale,2026-01-18,demo_script
Aashirvaad Atta (10kg),Pulses & Grains,520,8,sale,2026-01-18,demo_script
Sugar,Pulses & Grains,45,15,sale,2026-01-18,demo_script
Fortune Sunflower Oil (1L),Cooking,180,8,sale,2026-01-18,demo_script
MDH Garam Masala,Cooking,85,6,sale,2026-01-18,demo_script
Saffola Gold Oil (1L),Cooking,220,4,sale,2026-01-18,demo_script
Maggi Noodles,Snacks,14,27,sale,2026-01-18,demo_script
Parle-G Biscuits,Snacks,10,47,sale,2026-01-18,demo_script
Lays Chips (Small),Snacks,20,21,sale,2026-01-18,demo_script
Britannia Bread,Bakery,45,11,sale,2026-01-18,demo_script
Tata Tea Gold (500g),Beverages,280,7,sale,2026-01-18,demo_script
Nescafe Classic (50g),Beverages,160,5,sale,2026-01-18,demo_script
Amul Milk (500ml),Dairy,30,44,sale,2026-01-18,demo_script
Surf Excel (1kg),Household,250,5,sale,2026-01-18,demo_script
Vim Dishwash Bar,Household,35,10,sale,2026-01-18,demo_script
Lux Soap,Personal Care,48,5,sale,2026-01-18,demo_script
Colgate Toothpaste,Personal Care,95,3,sale,2026-01-18,demo_script
Eggs (dozen),Daily Essentials,80,17,sale,2026-01-18,demo_script
Amul Butter (100g),Dairy,56,9,sale,2026-01-18,demo_script
Toor Dal,Pulses & Grains,160,6,sale,2026-01-19,demo_script
Basmati Rice (5kg),Pulses & Grains,450,6,sale,2026-01-19,demo_script
Aashirvaad Atta (10kg),Pulses & Grains,520,4,sale,2026-01-19,demo_script
Sugar,Pulses & Grains,45,10,sale,2026-01-19,demo_script
Fortune Sunflower Oil (1L),Cooking,180,9,sale,2026-01-19,demo_script
MDH Garam Masala,Cooking,85,4,sale,2026-01-19,demo_script
Saffola Gold Oil (1L),Cooking,220,3,sale,2026-01-19,demo_script
Maggi Noodles,Snacks,14,27,sale,2026-01-19,demo_script
Parle-G Biscuits,Snacks,10,37,sale,2026-01-19,demo_script
Lays Chips (Small),Snacks,20,18,sale,2026-01-19,demo_script
Britannia Bread,Bakery,45,15,sale,2026-01-19,demo_script
Tata Tea Gold (500g),Beverages,280,2,sale,2026-01-19,demo_script
Nescafe Classic (50g),Beverages,160,5,sale,2026-01-19,demo_script
Amul Milk (500ml),Dairy,30,57,sale,2026-01-19,demo_script
Surf Excel (1kg),Household,250,4,sale,2026-01-19,demo_script
Vim Dishwash Bar,Household,35,7,sale,2026-01-19,demo_script
Lux Soap,Personal Care,48,4,sale,2026-01-19,demo_script
Colgate Toothpaste,Personal Care,95,4,sale,2026-01-19,demo_script
Eggs (dozen),Daily Essentials,80,11,sale,2026-01-19,demo_script
Amul Butter (100g),Dairy,56,6,sale,2026-01-19,demo_script
Toor Dal,Pulses & Grains,160,7,sale,2026-01-20,demo_script
Toor Dal,Pulses & Grains,160,129,restock,2026-01-20,demo_script
Basmati Rice (5kg),Pulses & Grains,450,7,sale,2026-01-20,demo_script
Basmati Rice (5kg),Pulses & Grains,450,77,restock,2026-01-20,demo_script
Aashirvaad Atta (10kg),Pulses & Grains,520,4,sale,2026-01-20,demo_script
Aashirvaad Atta (10kg),Pulses & Grains,520,66,restock,2026-01-20,demo_script
Sugar,Pulses & Grains,45,9,sale,2026-01-20,demo_script
Sugar,Pulses & Grains,45,156,restock,2026-01-20,demo_script
Fortune Sunflower Oil (1L),Cooking,180,5,sale,2026-01-20,demo_script
Fortune Sunflower Oil (1L),Cooking,180,102,restock,2026-01-20,demo_script
MDH Garam Masala,Cooking,85,4,sale,2026-01-20,demo_script
MDH Garam Masala,Cooking,85,65,restock,2026-01-20,demo_script
Saffola Gold Oil (1L),Cooking,220,3,sale,2026-01-20,demo_script
Saffola Gold Oil (1L),Cooking,220,48,restock,2026-01-20,demo_script
Maggi Noodles,Snacks,14,29,sale,2026-01-20,demo_script
Maggi Noodles,Snacks,14,389,restock,2026-01-20,demo_script
Parle-G Biscuits,Snacks,10,35,sale,2026-01-20,demo_script
Parle-G Biscuits,Snacks,10,464,restock,2026-01-20,demo_script
Lays Chips (Small),Snacks,20,17,sale,2026-01-20,demo_script
Lays Chips (Small),Snacks,20,196,restock,2026-01-20,demo_script
Britannia Bread,Bakery,45,9,sale,2026-01-20,demo_script
Britannia Bread,Bakery,45,200,restock,2026-01-20,demo_script
Tata Tea Gold (500g),Beverages,280,3,sale,2026-01-20,demo_script
Tata Tea Gold (500g),Beverages,280,64,restock,2026-01-20,demo_script
Nescafe Classic (50g),Beverages,160,2,sale,2026-01-20,demo_script
Nescafe Classic (50g),Beverages,160,47,restock,2026-01-20,demo_script
Amul Milk (500ml),Dairy,30,49,sale,2026-01-20,demo_script
Amul Milk (500ml),Dairy,30,514,restock,2026-01-20,demo_script
Surf Excel (1kg),Household,250,4,sale,2026-01-20,demo_script
Surf Excel (1kg),Household,250,60,restock,2026-01-20,demo_script
Vim Dishwash Bar,Household,35,7,sale,2026-01-20,demo_script
Vim Dishwash Bar,Household,35,87,restock,2026-01-20,demo_script
Lux Soap,Personal Care,48,3,sale,2026-01-20,demo_script
Lux Soap,Personal Care,48,76,restock,2026-01-20,demo_script
Colgate Toothpaste,Personal Care,95,3,sale,2026-01-20,demo_script
Colgate Toothpaste,Personal Care,95,51,restock,2026-01-20,demo_script
Eggs (dozen),Daily Essentials,80,10,sale,2026-01-20,demo_script
Eggs (dozen),Daily Essentials,80,130,restock,2026-01-20,demo_script
Amul Butter (100g),Dairy,56,5,sale,2026-01-20,demo_script
Amul Butter (100g),Dairy,56,78,restock,2026-01-20,demo_script
Toor Dal,Pulses & Grains,160,7,sale,2026-01-21,demo_script
Basmati Rice (5kg),Pulses & Grains,450,7,sale,2026-01-21,demo_script
Aashirvaad Atta (10kg),Pulses & Grains,520,5,sale,2026-01-21,demo_script
Sugar,Pulses & Grains,45,8,sale,2026-01-21,demo_script
Fortune Sunflower Oil (1L),Cooking,180,7,sale,2026-01-21,demo_script
MDH Garam Masala,Cooking,85,3,sale,2026-01-21,demo_script
Saffola Gold Oil (1L),Cooking,220,2,sale,2026-01-21,demo_script
Maggi Noodles,Snacks,14,31,sale,2026-01-21,demo_script
Parle-G Biscuits,Snacks,10,40,sale,2026-01-21,demo_script
Lays Chips (Small),Snacks,20,13,sale,2026-01-21,demo_script
Britannia Bread,Bakery,45,16,sale,2026-01-21,demo_script
Tata Tea Gold (500g),Beverages,280,6,sale,2026-01-21,demo_script
Nescafe Classic (50g),Beverages,160,3,sale,2026-01-21,demo_script
Amul Milk (500ml),Dairy,30,35,sale,2026-01-21,demo_script
Surf Excel (1kg),Household,250,5,sale,2026-01-21,demo_script
Vim Dishwash Bar,Household,35,4,sale,2026-01-21,demo_script
Lux Soap,Personal Care,48,4,sale,2026-01-21,demo_script
Colgate Toothpaste,Personal Care,95,3,sale,2026-01-21,demo_script
Eggs (dozen),Daily Essentials,80,6,sale,2026-01-21,demo_script
Amul Butter (100g),Dairy,56,5,sale,2026-01-21,demo_script
Toor Dal,Pulses & Grains,160,7,sale,2026-01-22,demo_script
Basmati Rice (5kg),Pulses & Grains,450,5,sale,2026-01-22,demo_script
Aashirvaad Atta (10kg),Pulses & Grains,520,6,sale,2026-01-22,demo_script
Sugar,Pulses & Grains,45,7,sale,2026-01-22,demo_script
Fortune Sunflower Oil (1L),Cooking,180,7,sale,2026-01-22,demo_script
MDH Garam Masala,Cooking,85,2,sale,2026-01-22,demo_script
Saffola Gold Oil (1L),Cooking,220,4,sale,2026-01-22,demo_script
Maggi Noodles,Snacks,14,22,sale,2026-01-22,demo_script
Parle-G Biscuits,Snacks,10,24,sale,2026-01-22,demo_script
Lays Chips (Small),Snacks,20,14,sale,2026-01-22,demo_script
Britannia Bread,Bakery,45,8,sale,2026-01-22,demo_script
Tata Tea Gold (500g),Beverages,280,3,sale,2026-01-22,demo_script
Nescafe Classic (50g),Beverages,160,2,sale,2026-01-22,demo_script
Amul Milk (500ml),Dairy,30,44,sale,2026-01-22,demo_script
Surf Excel (1kg),Household,250,3,sale,2026-01-22,demo_script
Vim Dishwash Bar,Household,35,5,sale,2026-01-22,demo_script
Lux Soap,Personal Care,48,5,sale,2026-01-22,demo_script
Colgate Toothpaste,Personal Care,95,4,sale,2026-01-22,demo_script
Eggs (dozen),Daily Essentials,80,9,sale,2026-01-22,demo_script
Amul Butter (100g),Dairy,56,7,sale,2026-01-22,demo_script
Toor Dal,Pulses & Grains,160,9,sale,2026-01-23,demo_script
Basmati Rice (5kg),Pulses & Grains,450,8,sale,2026-01-23,demo_script
Aashirvaad Atta (10kg),Pulses & Grains,520,4,sale,2026-01-23,demo_script
Sugar,Pulses & Grains,45,13,sale,2026-01-23,demo_script
Fortune Sunflower Oil (1L),Cooking,180,6,sale,2026-01-23,demo_script
MDH Garam Masala,Cooking,85,3,sale,2026-01-23,demo_script
Saffola Gold Oil (1L),Cooking,220,2,sale,2026-01-23,demo_script
Maggi Noodles,Snacks,14,28,sale,2026-01-23,demo_script
Parle-G Biscuits,Snacks,10,32,sale,2026-01-23,demo_script
Lays Chips (Small),Snacks,20,17,sale,2026-01-23,demo_script
Britannia Bread,Bakery,45,14,sale,2026-01-23,demo_script
Tata Tea Gold (500g),Beverages,280,3,sale,2026-01-23,demo_script
Nescafe Classic (50g),Beverages,160,2,sale,2026-01-23,demo_script
Amul Milk (500ml),Dairy,30,29,sale,2026-01-23,demo_script
Surf Excel (1kg),Household,250,5,sale,2026-01-23,demo_script
Vim Dishwash Bar,Household,35,6,sale,2026-01-23,demo_script
Lux Soap,Personal Care,48,5,sale,2026-01-23,demo_script
Colgate Toothpaste,Personal Care,95,4,sale,2026-01-23,demo_script
Eggs (dozen),Daily Essentials,80,11,sale,2026-01-23,demo_script
Amul Butter (100g),Dairy,56,7,sale,2026-01-23,demo_script
Toor Dal,Pulses & Grains,160,7,sale,2026-01-24,demo_script
Basmati Rice (5kg),Pulses & Grains,450,10,sale,2026-01-24,demo_script
Aashirvaad Atta (10kg),Pulses & Grains,520,9,sale,2026-01-24,demo_script
Sugar,Pulses & Grains,45,9,sale,2026-01-24,demo_script
Fortune Sunflower Oil (1L),Cooking,180,8,sale,2026-01-24,demo_script
MDH Garam Masala,Cooking,85,5,sale,2026-01-24,demo_script
Saffola Gold Oil (1L),Cooking,220,4,sale,2026-01-24,demo_script
Maggi Noodles,Snacks,14,23,sale,2026-01-24,demo_script
Parle-G Biscuits,Snacks,10,45,sale,2026-01-24,demo_script
Lays Chips (Small),Snacks,20,25,sale,2026-01-24,demo_script
Britannia Bread,Bakery,45,21,sale,2026-01-24,demo_script
Tata Tea Gold (500g),Beverages,280,6,sale,2026-01-24,demo_script
Nescafe Classic (50g),Beverages,160,6,sale,2026-01-24,demo_script
Amul Milk (500ml),Dairy,30,53,sale,2026-01-24,demo_script
Surf Excel (1kg),Household,250,5,sale,2026-01-24,demo_script
Vim Dishwash Bar,Household,35,8,sale,2026-01-24,demo_script
Lux Soap,Personal Care,48,7,sale,2026-01-24,demo_script
Colgate Toothpaste,Personal Care,95,4,sale,2026-01-24,demo_script
Eggs (dozen),Daily Essentials,80,15,sale,2026-01-24,demo_script
Amul Butter (100g),Dairy,56,6,sale,2026-01-24,demo_script
Toor Dal,Pulses & Grains,160,11,sale,2026-01-25,demo_script
Basmati Rice (5kg),Pulses & Grains,450,13,sale,2026-01-25,demo_script
Aashirvaad Atta (10kg),Pulses & Grains,520,9,sale,2026-01-25,demo_script
Sugar,Pulses & Grains,45,11,sale,2026-01-25,demo_script
Fortune Sunflower Oil (1L),Cooking,180,7,sale,2026-01-25,demo_script
MDH Garam Masala,Cooking,85,5,sale,2026-01-25,demo_script
Saffola Gold Oil (1L),Cooking,220,3,sale,2026-01-25,demo_script
Maggi Noodles,Snacks,14,35,sale,2026-01-25,demo_script
Parle-G Biscuits,Snacks,10,32,sale,2026-01-25,demo_script
Lays Chips (Small),Snacks,20,23,sale,2026-01-25,demo_script
Britannia Bread,Bakery,45,20,sale,2026-01-25,demo_script
Tata Tea Gold (500g),Beverages,280,9,sale,2026-01-25,demo_script
Nescafe Classic (50g),Beverages,160,3,sale,2026-01-25,demo_script
Amul Milk (500ml),Dairy,30,50,sale,2026-01-25,demo_script
Surf Excel (1kg),Household,250,4,sale,2026-01-25,demo_script
Vim Dishwash Bar,Household,35,8,sale,2026-01-25,demo_script
Lux Soap,Personal Care,48,6,sale,2026-01-25,demo_script
Colgate Toothpaste,Personal Care,95,4,sale,2026-01-25,demo_script
Eggs (dozen),Daily Essentials,80,14,sale,2026-01-25,demo_script
Amul Butter (100g),Dairy,56,7,sale,2026-01-25,demo_script
Toor Dal,Pulses & Grains,160,6,sale,2026-01-26,demo_script
Basmati Rice (5kg),Pulses & Grains,450,7,sale,2026-01-26,demo_script
Aashirvaad Atta (10kg),Pulses & Grains,520,3,sale,2026-01-26,demo_script
Sugar,Pulses & Grains,45,13,sale,2026-01-26,demo_script
Fortune Sunflower Oil (1L),Cooking,180,7,sale,2026-01-26,demo_script
MDH Garam Masala,Cooking,85,2,sale,2026-01-26,demo_script
Saffola Gold Oil (1L),Cooking,220,3,sale,2026-01-26,demo_script
Maggi Noodles,Snacks,14,31,sale,2026-01-26,demo_script
Parle-G Biscuits,Snacks,10,36,sale,2026-01-26,demo_script
Lays Chips (Small),Snacks,20,13,sale,2026-01-26,demo_script
Britannia Bread,Bakery,45,15,sale,2026-01-26,demo_script
Tata Tea Gold (500g),Beverages,280,5,sale,2026-01-26,demo_script
Nescafe Classic (50g),Beverages,160,2,sale,2026-01-26,demo_script
Amul Milk (500ml),Dairy,30,35,sale,2026-01-26,demo_script
Surf Excel (1kg),Household,250,4,sale,2026-01-26,demo_script
Vim Dishwash Bar,Household,35,6,sale,2026-01-26,demo_script
Lux Soap,Personal Care,48,6,sale,2026-01-26,demo_script
Colgate Toothpaste,Personal Care,95,4,sale,2026-01-26,demo_script
Eggs (dozen),Daily Essentials,80,7,sale,2026-01-26,demo_script
Amul Butter (100g),Dairy,56,7,sale,2026-01-26,demo_script
Toor Dal,Pulses & Grains,160,11,sale,2026-01-27,demo_script
Basmati Rice (5kg),Pulses & Grains,450,9,sale,2026-01-27,demo_script
Aashirvaad Atta (10kg),Pulses & Grains,520,7,sale,2026-01-27,demo_script
Sugar,Pulses & Grains,45,9,sale,2026-01-27,demo_script
Fortune Sunflower Oil (1L),Cooking,180,6,sale,2026-01-27,demo_script
MDH Garam Masala,Cooking,85,2,sale,2026-01-27,demo_script
Saffola Gold Oil (1L),Cooking,220,3,sale,2026-01-27,demo_script
Maggi Noodles,Snacks,14,24,sale,2026-01-27,demo_script
Parle-G Biscuits,Snacks,10,39,sale,2026-01-27,demo_script
Lays Chips (Small),Snacks,20,16,sale,2026-01-27,demo_script
Britannia Bread,Bakery,45,8,sale,2026-01-27,demo_script
Tata Tea Gold (500g),Beverages,280,3,sale,2026-01-27,demo_script
Nescafe Classic (50g),Beverages,160,3,sale,2026-01-27,demo_script
Amul Milk (500ml),Dairy,30,41,sale,2026-01-27,demo_script
Surf Excel (1kg),Household,250,4,sale,2026-01-27,demo_script
Vim Dishwash Bar,Household,35,5,sale,2026-01-27,demo_script
Lux Soap,Personal Care,48,5,sale,2026-01-27,demo_script
Colgate Toothpaste,Personal Care,95,5,sale,2026-01-27,demo_script
Eggs (dozen),Daily Essentials,80,11,sale,2026-01-27,demo_script
Amul Butter (100g),Dairy,56,5,sale,2026-01-27,demo_script
Toor Dal,Pulses & Grains,160,7,sale,2026-01-28,demo_script
Basmati Rice (5kg),Pulses & Grains,450,3,sale,2026-01-28,demo_script
Aashirvaad Atta (10kg),Pulses & Grains,520,6,sale,2026-01-28,demo_script
Sugar,Pulses & Grains,45,13,sale,2026-01-28,demo_script
Fortune Sunflower Oil (1L),Cooking,180,6,sale,2026-01-28,demo_script
MDH Garam Masala,Cooking,85,5,sale,2026-01-28,demo_script
Saffola Gold Oil (1L),Cooking,220,4,sale,2026-01-28,demo_script
Maggi Noodles,Snacks,14,21,sale,2026-01-28,demo_script
Parle-G Biscuits,Snacks,10,32,sale,2026-01-28,demo_script
Lays Chips (Small),Snacks,20,17,sale,2026-01-28,demo_script
Britannia Bread,Bakery,45,12,sale,2026-01-28,demo_script
Tata Tea Gold (500g),Beverages,280,3,sale,2026-01-28,demo_script
Nescafe Classic (50g),Beverages,160,3,sale,2026-01-28,demo_script
Amul Milk (500ml),Dairy,30,44,sale,2026-01-28,demo_script
Surf Excel (1kg),Household,250,3,sale,2026-01-28,demo_script
Vim Dishwash Bar,Household,35,6,sale,2026-01-28,demo_script
Lux Soap,Personal Care,48,4,sale,2026-01-28,demo_script
Colgate Toothpaste,Personal Care,95,5,sale,2026-01-28,demo_script
Eggs (dozen),Daily Essentials,80,7,sale,2026-01-28,demo_script
Amul Butter (100g),Dairy,56,6,sale,2026-01-28,demo_script
Toor Dal,Pulses & Grains,160,9,sale,2026-01-29,demo_script
Basmati Rice (5kg),Pulses & Grains,450,6,sale,2026-01-29,demo_script
Aashirvaad Atta (10kg),Pulses & Grains,520,7,sale,2026-01-29,demo_script
Sugar,Pulses & Grains,45,13,sale,2026-01-29,demo_script
Fortune Sunflower Oil (1L),Cooking,180,7,sale,2026-01-29,demo_script
MDH Garam Masala,Cooking,85,4,sale,2026-01-29,demo_script
Saffola Gold Oil (1L),Cooking,220,3,sale,2026-01-29,demo_script
Maggi Noodles,Snacks,14,28,sale,2026-01-29,demo_script
Parle-G Biscuits,Snacks,10,21,sale,2026-01-29,demo_script
Lays Chips (Small),Snacks,20,11,sale,2026-01-29,demo_script
Britannia Bread,Bakery,45,13,sale,2026-01-29,demo_script
Tata Tea Gold (500g),Beverages,280,5,sale,2026-01-29,demo_script
Nescafe Classic (50g),Beverages,160,3,sale,2026-01-29,demo_script
Amul Milk (500ml),Dairy,30,48,sale,2026-01-29,demo_script
Surf Excel (1kg),Household,250,3,sale,2026-01-29,demo_script
Vim Dishwash Bar,Household,35,4,sale,2026-01-29,demo_script
Lux Soap,Personal Care,48,4,sale,2026-01-29,demo_script
Colgate Toothpaste,Personal Care,95,4,sale,2026-01-29,demo_script
Eggs (dozen),Daily Essentials,80,8,sale,2026-01-29,demo_script
Amul Butter (100g),Dairy,56,5,sale,2026-01-29,demo_script
Toor Dal,Pulses & Grains,160,7,sale,2026-01-30,demo_script
Basmati Rice (5kg),Pulses & Grains,450,7,sale,2026-01-30,demo_script
Aashirvaad Atta (10kg),Pulses & Grains,520,7,sale,2026-01-30,demo_script
Sugar,Pulses & Grains,45,14,sale,2026-01-30,demo_script
Fortune Sunflower Oil (1L),Cooking,180,5,sale,2026-01-30,demo_script
MDH Garam Masala,Cooking,85,3,sale,2026-01-30,demo_script
Saffola Gold Oil (1L),Cooking,220,3,sale,2026-01-30,demo_script
Maggi Noodles,Snacks,14,18,sale,2026-01-30,demo_script
Parle-G Biscuits,Snacks,10,39,sale,2026-01-30,demo_script
Lays Chips (Small),Snacks,20,18,sale,2026-01-30,demo_script
Britannia Bread,Bakery,45,13,sale,2026-01-30,demo_script
Tata Tea Gold (500g),Beverages,280,3,sale,2026-01-30,demo_script
Nescafe Classic (50g),Beverages,160,3,sale,2026-01-30,demo_script
Amul Milk (500ml),Dairy,30,58,sale,2026-01-30,demo_script
Surf Excel (1kg),Household,250,3,sale,2026-01-30,demo_script
Vim Dishwash Bar,Household,35,4,sale,2026-01-30,demo_script
Lux Soap,Personal Care,48,5,sale,2026-01-30,demo_script
Colgate Toothpaste,Personal Care,95,4,sale,2026-01-30,demo_script
Eggs (dozen),Daily Essentials,80,6,sale,2026-01-30,demo_script
Amul Butter (100g),Dairy,56,6,sale,2026-01-30,demo_script
Toor Dal,Pulses & Grains,160,10,sale,2026-01-31,demo_script
Basmati Rice (5kg),Pulses & Grains,450,7,sale,2026-01-31,demo_script
Aashirvaad Atta (10kg),Pulses & Grains,520,7,sale,2026-01-31,demo_script
Sugar,Pulses & Grains,45,18,sale,2026-01-31,demo_script
Fortune Sunflower Oil (1L),Cooking,180,9,sale,2026-01-31,demo_script
MDH Garam Masala,Cooking,85,6,sale,2026-01-31,demo_script
Saffola Gold Oil (1L),Cooking,220,3,sale,2026-01-31,demo_script
Maggi Noodles,Snacks,14,24,sale,2026-01-31,demo_script
Parle-G Biscuits,Snacks,10,34,sale,2026-01-31,demo_script
Lays Chips (Small),Snacks,20,14,sale,2026-01-31,demo_script
Britannia Bread,Bakery,45,14,sale,2026-01-31,demo_script
Tata Tea Gold (500g),Beverages,280,7,sale,2026-01-31,demo_script
Nescafe Classic (50g),Beverages,160,2,sale,2026-01-31,demo_script
Amul Milk (500ml),Dairy,30,65,sale,2026-01-31,demo_script
Surf Excel (1kg),Household,250,4,sale,2026-01-31,demo_script
Vim Dishwash Bar,Household,35,9,sale,2026-01-31,demo_script
Lux Soap,Personal Care,48,6,sale,2026-01-31,demo_script
Colgate Toothpaste,Personal Care,95,5,sale,2026-01-31,demo_script
Eggs (dozen),Daily Essentials,80,9,sale,2026-01-31,demo_script
Amul Butter (100g),Dairy,56,13,sale,2026-01-31,demo_script
Toor Dal,Pulses & Grains,160,11,sale,2026-02-01,demo_script
Toor Dal,Pulses & Grains,160,110,restock,2026-02-01,demo_script
Basmati Rice (5kg),Pulses & Grains,450,9,sale,2026-02-01,demo_script
Basmati Rice (5kg),Pulses & Grains,450,94,restock,2026-02-01,demo_script
Aashirvaad Atta (10kg),Pulses & Grains,520,7,sale,2026-02-01,demo_script
Aashirvaad Atta (10kg),Pulses & Grains,520,78,restock,2026-02-01,demo_script
Sugar,Pulses & Grains,45,13,sale,2026-02-01,demo_script
Sugar,Pulses & Grains,45,143,restock,2026-02-01,demo_script
Fortune Sunflower Oil (1L),Cooking,180,7,sale,2026-02-01,demo_script
Fortune Sunflower Oil (1L),Cooking,180,88,restock,2026-02-01,demo_script
MDH Garam Masala,Cooking,85,4,sale,2026-02-01,demo_script
MDH Garam Masala,Cooking,85,53,restock,2026-02-01,demo_script
Saffola Gold Oil (1L),Cooking,220,3,sale,2026-02-01,demo_script
Saffola Gold Oil (1L),Cooking,220,45,restock,2026-02-01,demo_script
Maggi Noodles,Snacks,14,42,sale,2026-02-01,demo_script
Maggi Noodles,Snacks,14,392,restock,2026-02-01,demo_script
Parle-G Biscuits,Snacks,10,36,sale,2026-02-01,demo_script
Parle-G Biscuits,Snacks,10,501,restock,2026-02-01,demo_script
Lays Chips (Small),Snacks,20,27,sale,2026-02-01,demo_script
Lays Chips (Small),Snacks,20,239,restock,2026-02-01,demo_script
Britannia Bread,Bakery,45,16,sale,2026-02-01,demo_script
Britannia Bread,Bakery,45,198,restock,2026-02-01,demo_script
Tata Tea Gold (500g),Beverages,280,4,sale,2026-02-01,demo_script
Tata Tea Gold (500g),Beverages,280,64,restock,2026-02-01,demo_script
Nescafe Classic (50g),Beverages,160,3,sale,2026-02-01,demo_script
Nescafe Classic (50g),Beverages,160,42,restock,2026-02-01,demo_script
Amul Milk (500ml),Dairy,30,60,sale,2026-02-01,demo_script
Amul Milk (500ml),Dairy,30,569,restock,2026-02-01,demo_script
Surf Excel (1kg),Household,250,3,sale,2026-02-01,demo_script
Surf Excel (1kg),Household,250,56,restock,2026-02-01,demo_script
Vim Dishwash Bar,Household,35,9,sale,2026-02-01,demo_script
Vim Dishwash Bar,Household,35,82,restock,2026-02-01,demo_script
Lux Soap,Personal Care,48,7,sale,2026-02-01,demo_script
Lux Soap,Personal Care,48,76,restock,2026-02-01,demo_script
Colgate Toothpaste,Personal Care,95,4,sale,2026-02-01,demo_script
Colgate Toothpaste,Personal Care,95,53,restock,2026-02-01,demo_script
Eggs (dozen),Daily Essentials,80,10,sale,2026-02-01,demo_script
Eggs (dozen),Daily Essentials,80,148,restock,2026-02-01,demo_script
Amul Butter (100g),Dairy,56,10,sale,2026-02-01,demo_script
Amul Butter (100g),Dairy,56,78,restock,2026-02-01,demo_script
Toor Dal,Pulses & Grains,160,10,sale,2026-02-02,demo_script
Basmati Rice (5kg),Pulses & Grains,450,7,sale,2026-02-02,demo_script
Aashirvaad Atta (10kg),Pulses & Grains,520,5,sale,2026-02-02,demo_script
Sugar,Pulses & Grains,45,6,sale,2026-02-02,demo_script
Fortune Sunflower Oil (1L),Cooking,180,6,sale,2026-02-02,demo_script
MDH Garam Masala,Cooking,85,5,sale,2026-02-02,demo_script
Saffola Gold Oil (1L),Cooking,220,2,sale,2026-02-02,demo_script
Maggi Noodles,Snacks,14,16,sale,2026-02-02,demo_script
Parle-G Biscuits,Snacks,10,36,sale,2026-02-02,demo_script
Lays Chips (Small),Snacks,20,18,sale,2026-02-02,demo_script
Britannia Bread,Bakery,45,15,sale,2026-02-02,demo_script
Tata Tea Gold (500g),Beverages,280,3,sale,2026-02-02,demo_script
Nescafe Classic (50g),Beverages,160,2,sale,2026-02-02,demo_script
Amul Milk (500ml),Dairy,30,38,sale,2026-02-02,demo_script
Surf Excel (1kg),Household,250,3,sale,2026-02-02,demo_script
Vim Dishwash Bar,Household,35,5,sale,2026-02-02,demo_script
Lux Soap,Personal Care,48,6,sale,2026-02-02,demo_script
Colgate Toothpaste,Personal Care,95,3,sale,2026-02-02,demo_script
Eggs (dozen),Daily Essentials,80,10,sale,2026-02-02,demo_script
Amul Butter (100g),Dairy,56,5,sale,2026-02-02,demo_script
Toor Dal,Pulses & Grains,160,5,sale,2026-02-03,demo_script
Basmati Rice (5kg),Pulses & Grains,450,6,sale,2026-02-03,demo_script
Aashirvaad Atta (10kg),Pulses & Grains,520,4,sale,2026-02-03,demo_script
Sugar,Pulses & Grains,45,8,sale,2026-02-03,demo_script
Fortune Sunflower Oil (1L),Cooking,180,8,sale,2026-02-03,demo_script
MDH Garam Masala,Cooking,85,5,sale,2026-02-03,demo_script
Saffola Gold Oil (1L),Cooking,220,3,sale,2026-02-03,demo_script
Maggi Noodles,Snacks,14,16,sale,2026-02-03,demo_script
Parle-G Biscuits,Snacks,10,21,sale,2026-02-03,demo_script
Lays Chips (Small),Snacks,20,12,sale,2026-02-03,demo_script
Britannia Bread,Bakery,45,12,sale,2026-02-03,demo_script
Tata Tea Gold (500g),Beverages,280,5,sale,2026-02-03,demo_script
Nescafe Classic (50g),Beverages,160,2,sale,2026-02-03,demo_script
Amul Milk (500ml),Dairy,30,26,sale,2026-02-03,demo_script
Surf Excel (1kg),Household,250,4,sale,2026-02-03,demo_script
Vim Dishwash Bar,Household,35,4,sale,2026-02-03,demo_script
Lux Soap,Personal Care,48,4,sale,2026-02-03,demo_script
Colgate Toothpaste,Personal Care,95,5,sale,2026-02-03,demo_script
Eggs (dozen),Daily Essentials,80,8,sale,2026-02-03,demo_script
Amul Butter (100g),Dairy,56,7,sale,2026-02-03,demo_script
Toor Dal,Pulses & Grains,160,10,sale,2026-02-04,demo_script
Basmati Rice (5kg),Pulses & Grains,450,5,sale,2026-02-04,demo_script
Aashirvaad Atta (10kg),Pulses & Grains,520,3,sale,2026-02-04,demo_script
Sugar,Pulses & Grains,45,9,sale,2026-02-04,demo_script
Fortune Sunflower Oil (1L),Cooking,180,6,sale,2026-02-04,demo_script
MDH Garam Masala,Cooking,85,4,sale,2026-02-04,demo_script
Saffola Gold Oil (1L),Cooking,220,2,sale,2026-02-04,demo_script
Maggi Noodles,Snacks,14,26,sale,2026-02-04,demo_script
Parle-G Biscuits,Snacks,10,32,sale,2026-02-04,demo_script
Lays Chips (Small),Snacks,20,11,sale,2026-02-04,demo_script
Britannia Bread,Bakery,45,8,sale,2026-02-04,demo_script
Tata Tea Gold (500g),Beverages,280,5,sale,2026-02-04,demo_script
Nescafe Classic (50g),Beverages,160,2,sale,2026-02-04,demo_script
Amul Milk (500ml),Dairy,30,32,sale,2026-02-04,demo_script
Surf Excel (1kg),Household,250,3,sale,2026-02-04,demo_script
Vim Dishwash Bar,Household,35,6,sale,2026-02-04,demo_script
Lux Soap,Personal Care,48,3,sale,2026-02-04,demo_script
Colgate Toothpaste,Personal Care,95,5,sale,2026-02-04,demo_script
Eggs (dozen),Daily Essentials,80,10,sale,2026-02-04,demo_script
Amul Butter (100g),Dairy,56,4,sale,2026-02-04,demo_script
Toor Dal,Pulses & Grains,160,6,sale,2026-02-05,demo_script
Basmati Rice (5kg),Pulses & Grains,450,8,sale,2026-02-05,demo_script
Aashirvaad Atta (10kg),Pulses & Grains,520,3,sale,2026-02-05,demo_script
Sugar,Pulses & Grains,45,8,sale,2026-02-05,demo_script
Fortune Sunflower Oil (1L),Cooking,180,5,sale,2026-02-05,demo_script
MDH Garam Masala,Cooking,85,4,sale,2026-02-05,demo_script
Saffola Gold Oil (1L),Cooking,220,3,sale,2026-02-05,demo_script
Maggi Noodles,Snacks,14,26,sale,2026-02-05,demo_script
Parle-G Biscuits,Snacks,10,28,sale,2026-02-05,demo_script
Lays Chips (Small),Snacks,20,15,sale,2026-02-05,demo_script
Britannia Bread,Bakery,45,8,sale,2026-02-05,demo_script
Tata Tea Gold (500g),Beverages,280,5,sale,2026-02-05,demo_script
Nescafe Classic (50g),Beverages,160,2,sale,2026-02-05,demo_script
Amul Milk (500ml),Dairy,30,26,sale,2026-02-05,demo_script
Surf Excel (1kg),Household,250,3,sale,2026-02-05,demo_script
Vim Dishwash Bar,Household,35,7,sale,2026-02-05,demo_script
Lux Soap,Personal Care,48,6,sale,2026-02-05,demo_script
Colgate Toothpaste,Personal Care,95,3,sale,2026-02-05,demo_script
Eggs (dozen),Daily Essentials,80,12,sale,2026-02-05,demo_script
Amul Butter (100g),Dairy,56,5,sale,2026-02-05,demo_script
Toor Dal,Pulses & Grains,160,9,sale,2026-02-06,demo_script
Basmati Rice (5kg),Pulses & Grains,450,5,sale,2026-02-06,demo_script
Aashirvaad Atta (10kg),Pulses & Grains,520,5,sale,2026-02-06,demo_script
Sugar,Pulses & Grains,45,8,sale,2026-02-06,demo_script
Fortune Sunflower Oil (1L),Cooking,180,8,sale,2026-02-06,demo_script
MDH Garam Masala,Cooking,85,4,sale,2026-02-06,demo_script
Saffola Gold Oil (1L),Cooking,220,3,sale,2026-02-06,demo_script
Maggi Noodles,Snacks,14,27,sale,2026-02-06,demo_script
Parle-G Biscuits,Snacks,10,27,sale,2026-02-06,demo_script
Lays Chips (Small),Snacks,20,15,sale,2026-02-06,demo_script
Britannia Bread,Bakery,45,15,sale,2026-02-06,demo_script
Tata Tea Gold (500g),Beverages,280,3,sale,2026-02-06,demo_script
Nescafe Classic (50g),Beverages,160,3,sale,2026-02-06,demo_script
Amul Milk (500ml),Dairy,30,40,sale,2026-02-06,demo_script
Surf Excel (1kg),Household,250,3,sale,2026-02-06,demo_script
Vim Dishwash Bar,Household,35,7,sale,2026-02-06,demo_script
Lux Soap,Personal Care,48,6,sale,2026-02-06,demo_script
Colgate Toothpaste,Personal Care,95,2,sale,2026-02-06,demo_script
Eggs (dozen),Daily Essentials,80,7,sale,2026-02-06,demo_script
Amul Butter (100g),Dairy,56,4,sale,2026-02-06,demo_script
Toor Dal,Pulses & Grains,160,8,sale,2026-02-07,demo_script
Basmati Rice (5kg),Pulses & Grains,450,10,sale,2026-02-07,demo_script
Aashirvaad Atta (10kg),Pulses & Grains,520,7,sale,2026-02-07,demo_script
Sugar,Pulses & Grains,45,16,sale,2026-02-07,demo_script
Fortune Sunflower Oil (1L),Cooking,180,6,sale,2026-02-07,demo_script
MDH Garam Masala,Cooking,85,3,sale,2026-02-07,demo_script
Saffola Gold Oil (1L),Cooking,220,3,sale,2026-02-07,demo_script
Maggi Noodles,Snacks,14,27,sale,2026-02-07,demo_script
Parle-G Biscuits,Snacks,10,38,sale,2026-02-07,demo_script
Lays Chips (Small),Snacks,20,26,sale,2026-02-07,demo_script
Britannia Bread,Bakery,45,14,sale,2026-02-07,demo_script
Tata Tea Gold (500g),Beverages,280,7,sale,2026-02-07,demo_script
Nescafe Classic (50g),Beverages,160,5,sale,2026-02-07,demo_script
Amul Milk (500ml),Dairy,30,55,sale,2026-02-07,demo_script
Surf Excel (1kg),Household,250,7,sale,2026-02-07,demo_script
Vim Dishwash Bar,Household,35,8,sale,2026-02-07,demo_script
Lux Soap,Personal Care,48,8,sale,2026-02-07,demo_script
Colgate Toothpaste,Personal Care,95,4,sale,2026-02-07,demo_script
Eggs (dozen),Daily Essentials,80,12,sale,2026-02-07,demo_script
Amul Butter (100g),Dairy,56,6,sale,2026-02-07,demo_script
Toor Dal,Pulses & Grains,160,7,sale,2026-02-08,demo_script
Basmati Rice (5kg),Pulses & Grains,450,7,sale,2026-02-08,demo_script
Aashirvaad Atta (10kg),Pulses & Grains,520,8,sale,2026-02-08,demo_script
Sugar,Pulses & Grains,45,9,sale,2026-02-08,demo_script
Fortune Sunflower Oil (1L),Cooking,180,7,sale,2026-02-08,demo_script
MDH Garam Masala,Cooking,85,6,sale,2026-02-08,demo_script
Saffola Gold Oil (1L),Cooking,220,2,sale,2026-02-08,demo_script
Maggi Noodles,Snacks,14,24,sale,2026-02-08,demo_script
Parle-G Biscuits,Snacks,10,26,sale,2026-02-08,demo_script
Lays Chips (Small),Snacks,20,15,sale,2026-02-08,demo_script
Britannia Bread,Bakery,45,14,sale,2026-02-08,demo_script
Tata Tea Gold (500g),Beverages,280,6,sale,2026-02-08,demo_script
Nescafe Classic (50g),Beverages,160,3,sale,2026-02-08,demo_script
Amul Milk (500ml),Dairy,30,46,sale,2026-02-08,demo_script
Surf Excel (1kg),Household,250,6,sale,2026-02-08,demo_script
Vim Dishwash Bar,Household,35,10,sale,2026-02-08,demo_script
Lux Soap,Personal Care,48,8,sale,2026-02-08,demo_script
Colgate Toothpaste,Personal Care,95,5,sale,2026-02-08,demo_script
Eggs (dozen),Daily Essentials,80,14,sale,2026-02-08,demo_script
Amul Butter (100g),Dairy,56,8,sale,2026-02-08,demo_script
Toor Dal,Pulses & Grains,160,7,sale,2026-02-09,demo_script
Basmati Rice (5kg),Pulses & Grains,450,6,sale,2026-02-09,demo_script
Aashirvaad Atta (10kg),Pulses & Grains,520,4,sale,2026-02-09,demo_script
Sugar,Pulses & Grains,45,10,sale,2026-02-09,demo_script
Fortune Sunflower Oil (1L),Cooking,180,8,sale,2026-02-09,demo_script
MDH Garam Masala,Cooking,85,4,sale,2026-02-09,demo_script
Saffola Gold Oil (1L),Cooking,220,3,sale,2026-02-09,demo_script
Maggi Noodles,Snacks,14,32,sale,2026-02-09,demo_script
Parle-G Biscuits,Snacks,10,39,sale,2026-02-09,demo_script
Lays Chips (Small),Snacks,20,17,sale,2026-02-09,demo_script
Britannia Bread,Bakery,45,13,sale,2026-02-09,demo_script
Tata Tea Gold (500g),Beverages,280,4,sale,2026-02-09,demo_script
Nescafe Classic (50g),Beverages,160,2,sale,2026-02-09,demo_script
Amul Milk (500ml),Dairy,30,32,sale,2026-02-09,demo_script
Surf Excel (1kg),Household,250,4,sale,2026-02-09,demo_script
Vim Dishwash Bar,Household,35,4,sale,2026-02-09,demo_script
Lux Soap,Personal Care,48,6,sale,2026-02-09,demo_script
Colgate Toothpaste,Personal Care,95,4,sale,2026-02-09,demo_script
Eggs (dozen),Daily Essentials,80,11,sale,2026-02-09,demo_script
Amul Butter (100g),Dairy,56,6,sale,2026-02-09,demo_script
Toor Dal,Pulses & Grains,160,5,sale,2026-02-10,demo_script
Toor Dal,Pulses & Grains,160,110,restock,2026-02-10,demo_script
Basmati Rice (5kg),Pulses & Grains,450,8,sale,2026-02-10,demo_script
Basmati Rice (5kg),Pulses & Grains,450,76,restock,2026-02-10,demo_script
Aashirvaad Atta (10kg),Pulses & Grains,520,3,sale,2026-02-10,demo_script
Aashirvaad Atta (10kg),Pulses & Grains,520,69,restock,2026-02-10,demo_script
Sugar,Pulses & Grains,45,10,sale,2026-02-10,demo_script
Sugar,Pulses & Grains,45,132,restock,2026-02-10,demo_script
Fortune Sunflower Oil (1L),Cooking,180,4,sale,2026-02-10,demo_script
Fortune Sunflower Oil (1L),Cooking,180,100,restock,2026-02-10,demo_script
MDH Garam Masala,Cooking,85,4,sale,2026-02-10,demo_script
MDH Garam Masala,Cooking,85,62,restock,2026-02-10,demo_script
Saffola Gold Oil (1L),Cooking,220,2,sale,2026-02-10,demo_script
Saffola Gold Oil (1L),Cooking,220,38,restock,2026-02-10,demo_script
Maggi Noodles,Snacks,14,33,sale,2026-02-10,demo_script
Maggi Noodles,Snacks,14,407,restock,2026-02-10,demo_script
Parle-G Biscuits,Snacks,10,37,sale,2026-02-10,demo_script
Parle-G Biscuits,Snacks,10,453,restock,2026-02-10,demo_script
Lays Chips (Small),Snacks,20,17,sale,2026-02-10,demo_script
Lays Chips (Small),Snacks,20,228,restock,2026-02-10,demo_script
Britannia Bread,Bakery,45,13,sale,2026-02-10,demo_script
Britannia Bread,Bakery,45,178,restock,2026-02-10,demo_script
Tata Tea Gold (500g),Beverages,280,4,sale,2026-02-10,demo_script
Tata Tea Gold (500g),Beverages,280,65,restock,2026-02-10,demo_script
Nescafe Classic (50g),Beverages,160,3,sale,2026-02-10,demo_script
Nescafe Classic (50g),Beverages,160,50,restock,2026-02-10,demo_script
Amul Milk (500ml),Dairy,30,44,sale,2026-02-10,demo_script
Amul Milk (500ml),Dairy,30,579,restock,2026-02-10,demo_script
Surf Excel (1kg),Household,250,5,sale,2026-02-10,demo_script
Surf Excel (1kg),Household,250,51,restock,2026-02-10,demo_script
Vim Dishwash Bar,Household,35,8,sale,2026-02-10,demo_script
Vim Dishwash Bar,Household,35,91,restock,2026-02-10,demo_script
Lux Soap,Personal Care,48,4,sale,2026-02-10,demo_script
Lux Soap,Personal Care,48,65,restock,2026-02-10,demo_script
Colgate Toothpaste,Personal Care,95,3,sale,2026-02-10,demo_script
Colgate Toothpaste,Personal Care,95,51,restock,2026-02-10,demo_script
Eggs (dozen),Daily Essentials,80,11,sale,2026-02-10,demo_script
Eggs (dozen),Daily Essentials,80,139,restock,2026-02-10,demo_script
Amul Butter (100g),Dairy,56,5,sale,2026-02-10,demo_script
Amul Butter (100g),Dairy,56,100,restock,2026-02-10,demo_script
Toor Dal,Pulses & Grains,160,9,sale,2026-02-11,demo_script
Basmati Rice (5kg),Pulses & Grains,450,7,sale,2026-02-11,demo_script
Aashirvaad Atta (10kg),Pulses & Grains,520,5,sale,2026-02-11,demo_script
Sugar,Pulses & Grains,45,7,sale,2026-02-11,demo_script
Fortune Sunflower Oil (1L),Cooking,180,8,sale,2026-02-11,demo_script
MDH Garam Masala,Cooking,85,4,sale,2026-02-11,demo_script
Saffola Gold Oil (1L),Cooking,220,3,sale,2026-02-11,demo_script
Maggi Noodles,Snacks,14,18,sale,2026-02-11,demo_script
Parle-G Biscuits,Snacks,10,32,sale,2026-02-11,demo_script
Lays Chips (Small),Snacks,20,17,sale,2026-02-11,demo_script
Britannia Bread,Bakery,45,14,sale,2026-02-11,demo_script
Tata Tea Gold (500g),Beverages,280,3,sale,2026-02-11,demo_script
Nescafe Classic (50g),Beverages,160,2,sale,2026-02-11,demo_script
Amul Milk (500ml),Dairy,30,34,sale,2026-02-11,demo_script
Surf Excel (1kg),Household,250,4,sale,2026-02-11,demo_script
Vim Dishwash Bar,Household,35,6,sale,2026-02-11,demo_script
Lux Soap,Personal Care,48,4,sale,2026-02-11,demo_script
Colgate Toothpaste,Personal Care,95,4,sale,2026-02-11,demo_script
Eggs (dozen),Daily Essentials,80,9,sale,2026-02-11,demo_script
Amul Butter (100g),Dairy,56,7,sale,2026-02-11,demo_script
Toor Dal,Pulses & Grains,160,5,sale,2026-02-12,demo_script
Basmati Rice (5kg),Pulses & Grains,450,5,sale,2026-02-12,demo_script
Aashirvaad Atta (10kg),Pulses & Grains,520,4,sale,2026-02-12,demo_script
Sugar,Pulses & Grains,45,10,sale,2026-02-12,demo_script
Fortune Sunflower Oil (1L),Cooking,180,7,sale,2026-02-12,demo_script
MDH Garam Masala,Cooking,85,3,sale,2026-02-12,demo_script
Saffola Gold Oil (1L),Cooking,220,2,sale,2026-02-12,demo_script
Maggi Noodles,Snacks,14,23,sale,2026-02-12,demo_script
Parle-G Biscuits,Snacks,10,26,sale,2026-02-12,demo_script
Lays Chips (Small),Snacks,20,11,sale,2026-02-12,demo_script
Britannia Bread,Bakery,45,15,sale,2026-02-12,demo_script
Tata Tea Gold (500g),Beverages,280,4,sale,2026-02-12,demo_script
Nescafe Classic (50g),Beverages,160,3,sale,2026-02-12,demo_script
Amul Milk (500ml),Dairy,30,38,sale,2026-02-12,demo_script
Surf Excel (1kg),Household,250,4,sale,2026-02-12,demo_script
Vim Dishwash Bar,Household,35,6,sale,2026-02-12,demo_script
Lux Soap,Personal Care,48,3,sale,2026-02-12,demo_script
Colgate Toothpaste,Personal Care,95,2,sale,2026-02-12,demo_script
Eggs (dozen),Daily Essentials,80,12,sale,2026-02-12,demo_script
Amul Butter (100g),Dairy,56,6,sale,2026-02-12,demo_script
Toor Dal,Pulses & Grains,160,7,sale,2026-02-13,demo_script
Basmati Rice (5kg),Pulses & Grains,450,6,sale,2026-02-13,demo_script
Aashirvaad Atta (10kg),Pulses & Grains,520,6,sale,2026-02-13,demo_script
Sugar,Pulses & Grains,45,8,sale,2026-02-13,demo_script
Fortune Sunflower Oil (1L),Cooking,180,5,sale,2026-02-13,demo_script
MDH Garam Masala,Cooking,85,5,sale,2026-02-13,demo_script
Saffola Gold Oil (1L),Cooking,220,3,sale,2026-02-13,demo_script
Maggi Noodles,Snacks,14,17,sale,2026-02-13,demo_script
Parle-G Biscuits,Snacks,10,35,sale,2026-02-13,demo_script
Lays Chips (Small),Snacks,20,18,sale,2026-02-13,demo_script
Britannia Bread,Bakery,45,11,sale,2026-02-13,demo_script
Tata Tea Gold (500g),Beverages,280,5,sale,2026-02-13,demo_script
Nescafe Classic (50g),Beverages,160,3,sale,2026-02-13,demo_script
Amul Milk (500ml),Dairy,30,33,sale,2026-02-13,demo_script
Surf Excel (1kg),Household,250,4,sale,2026-02-13,demo_script
Vim Dishwash Bar,Household,35,6,sale,2026-02-13,demo_script
Lux Soap,Personal Care,48,4,sale,2026-02-13,demo_script
Colgate Toothpaste,Personal Care,95,3,sale,2026-02-13,demo_script
Eggs (dozen),Daily Essentials,80,10,sale,2026-02-13,demo_script
Amul Butter (100g),Dairy,56,6,sale,2026-02-13,demo_script
Toor Dal,Pulses & Grains,160,7,sale,2026-02-14,demo_script
Basmati Rice (5kg),Pulses & Grains,450,6,sale,2026-02-14,demo_script
Aashirvaad Atta (10kg),Pulses & Grains,520,8,sale,2026-02-14,demo_script
Sugar,Pulses & Grains,45,15,sale,2026-02-14,demo_script
Fortune Sunflower Oil (1L),Cooking,180,10,sale,2026-02-14,demo_script
MDH Garam Masala,Cooking,85,5,sale,2026-02-14,demo_script
Saffola Gold Oil (1L),Cooking,220,4,sale,2026-02-14,demo_script
Maggi Noodles,Snacks,14,24,sale,2026-02-14,demo_script
Parle-G Biscuits,Snacks,10,37,sale,2026-02-14,demo_script
Lays Chips (Small),Snacks,20,15,sale,2026-02-14,demo_script
Britannia Bread,Bakery,45,20,sale,2026-02-14,demo_script
Tata Tea Gold (500g),Beverages,280,3,sale,2026-02-14,demo_script
Nescafe Classic (50g),Beverages,160,5,sale,2026-02-14,demo_script
Amul Milk (500ml),Dairy,30,60,sale,2026-02-14,demo_script
Surf Excel (1kg),Household,250,3,sale,2026-02-14,demo_script
Vim Dishwash Bar,Household,35,7,sale,2026-02-14,demo_script
Lux Soap,Personal Care,48,4,sale,2026-02-14,demo_script
Colgate Toothpaste,Personal Care,95,4,sale,2026-02-14,demo_script
Eggs (dozen),Daily Essentials,80,10,sale,2026-02-14,demo_script
Amul Butter (100g),Dairy,56,5,sale,2026-02-14,demo_script
Toor Dal,Pulses & Grains,160,11,sale,2026-02-15,demo_script
Toor Dal,Pulses & Grains,160,118,restock,2026-02-15,demo_script
Basmati Rice (5kg),Pulses & Grains,450,9,sale,2026-02-15,demo_script
Basmati Rice (5kg),Pulses & Grains,450,97,restock,2026-02-15,demo_script
Aashirvaad Atta (10kg),Pulses & Grains,520,5,sale,2026-02-15,demo_script
Aashirvaad Atta (10kg),Pulses & Grains,520,64,restock,2026-02-15,demo_script
Sugar,Pulses & Grains,45,14,sale,2026-02-15,demo_script
Sugar,Pulses & Grains,45,138,restock,2026-02-15,demo_script
Fortune Sunflower Oil (1L),Cooking,180,12,sale,2026-02-15,demo_script
Fortune Sunflower Oil (1L),Cooking,180,102,restock,2026-02-15,demo_script
MDH Garam Masala,Cooking,85,5,sale,2026-02-15,demo_script
MDH Garam Masala,Cooking,85,50,restock,2026-02-15,demo_script
Saffola Gold Oil (1L),Cooking,220,4,sale,2026-02-15,demo_script
Saffola Gold Oil (1L),Cooking,220,49,restock,2026-02-15,demo_script
Maggi Noodles,Snacks,14,44,sale,2026-02-15,demo_script
Maggi Noodles,Snacks,14,360,restock,2026-02-15,demo_script
Parle-G Biscuits,Snacks,10,43,sale,2026-02-15,demo_script
Parle-G Biscuits,Snacks,10,458,restock,2026-02-15,demo_script
Lays Chips (Small),Snacks,20,14,sale,2026-02-15,demo_script
Lays Chips (Small),Snacks,20,229,restock,2026-02-15,demo_script
Britannia Bread,Bakery,45,13,sale,2026-02-15,demo_script
Britannia Bread,Bakery,45,174,restock,2026-02-15,demo_script
Tata Tea Gold (500g),Beverages,280,6,sale,2026-02-15,demo_script
Tata Tea Gold (500g),Beverages,280,57,restock,2026-02-15,demo_script
Nescafe Classic (50g),Beverages,160,3,sale,2026-02-15,demo_script
Nescafe Classic (50g),Beverages,160,41,restock,2026-02-15,demo_script
Amul Milk (500ml),Dairy,30,46,sale,2026-02-15,demo_script
Amul Milk (500ml),Dairy,30,466,restock,2026-02-15,demo_script
Surf Excel (1kg),Household,250,3,sale,2026-02-15,demo_script
Surf Excel (1kg),Household,250,51,restock,2026-02-15,demo_script
Vim Dishwash Bar,Household,35,6,sale,2026-02-15,demo_script
Vim Dishwash Bar,Household,35,79,restock,2026-02-15,demo_script
Lux Soap,Personal Care,48,7,sale,2026-02-15,demo_script
Lux Soap,Personal Care,48,64,restock,2026-02-15,demo_script
Colgate Toothpaste,Personal Care,95,4,sale,2026-02-15,demo_script
Colgate Toothpaste,Personal Care,95,57,restock,2026-02-15,demo_script
Eggs (dozen),Daily Essentials,80,16,sale,2026-02-15,demo_script
Eggs (dozen),Daily Essentials,80,138,restock,2026-02-15,demo_script
Amul Butter (100g),Dairy,56,10,sale,2026-02-15,demo_script
Amul Butter (100g),Dairy,56,96,restock,2026-02-15,demo_script
Toor Dal,Pulses & Grains,160,9,sale,2026-02-16,demo_script
Basmati Rice (5kg),Pulses & Grains,450,4,sale,2026-02-16,demo_script
Aashirvaad Atta (10kg),Pulses & Grains,520,5,sale,2026-02-16,demo_script
Sugar,Pulses & Grains,45,9,sale,2026-02-16,demo_script
Fortune Sunflower Oil (1L),Cooking,180,5,sale,2026-02-16,demo_script
MDH Garam Masala,Cooking,85,4,sale,2026-02-16,demo_script
Saffola Gold Oil (1L),Cooking,220,3,sale,2026-02-16,demo_script
Maggi Noodles,Snacks,14,17,sale,2026-02-16,demo_script
Parle-G Biscuits,Snacks,10,22,sale,2026-02-16,demo_script
Lays Chips (Small),Snacks,20,19,sale,2026-02-16,demo_script
Britannia Bread,Bakery,45,10,sale,2026-02-16,demo_script
Tata Tea Gold (500g),Beverages,280,4,sale,2026-02-16,demo_script
Nescafe Classic (50g),Beverages,160,2,sale,2026-02-16,demo_script
Amul Milk (500ml),Dairy,30,44,sale,2026-02-16,demo_script
Surf Excel (1kg),Household,250,4,sale,2026-02-16,demo_script
Vim Dishwash Bar,Household,35,3,sale,2026-02-16,demo_script
Lux Soap,Personal Care,48,6,sale,2026-02-16,demo_script
Colgate Toothpaste,Personal Care,95,4,sale,2026-02-16,demo_script
Eggs (dozen),Daily Essentials,80,8,sale,2026-02-16,demo_script
Amul Butter (100g),Dairy,56,7,sale,2026-02-16,demo_script
Toor Dal,Pulses & Grains,160,8,sale,2026-02-17,demo_script
Basmati Rice (5kg),Pulses & Grains,450,7,sale,2026-02-17,demo_script
Aashirvaad Atta (10kg),Pulses & Grains,520,6,sale,2026-02-17,demo_script
Sugar,Pulses & Grains,45,12,sale,2026-02-17,demo_script
Fortune Sunflower Oil (1L),Cooking,180,8,sale,2026-02-17,demo_script
MDH Garam Masala,Cooking,85,4,sale,2026-02-17,demo_script
Saffola Gold Oil (1L),Cooking,220,2,sale,2026-02-17,demo_script
Maggi Noodles,Snacks,14,20,sale,2026-02-17,demo_script
Parle-G Biscuits,Snacks,10,32,sale,2026-02-17,demo_script
Lays Chips (Small),Snacks,20,17,sale,2026-02-17,demo_script
Britannia Bread,Bakery,45,10,sale,2026-02-17,demo_script
Tata Tea Gold (500g),Beverages,280,3,sale,2026-02-17,demo_script
Nescafe Classic (50g),Beverages,160,2,sale,2026-02-17,demo_script
Amul Milk (500ml),Dairy,30,47,sale,2026-02-17,demo_script
Surf Excel (1kg),Household,250,4,sale,2026-02-17,demo_script
Vim Dishwash Bar,Household,35,6,sale,2026-02-17,demo_script
Lux Soap,Personal Care,48,4,sale,2026-02-17,demo_script
Colgate Toothpaste,Personal Care,95,3,sale,2026-02-17,demo_script
Eggs (dozen),Daily Essentials,80,11,sale,2026-02-17,demo_script
Amul Butter (100g),Dairy,56,5,sale,2026-02-17,demo_script
Toor Dal,Pulses & Grains,160,9,sale,2026-02-18,demo_script
Basmati Rice (5kg),Pulses & Grains,450,5,sale,2026-02-18,demo_script
Aashirvaad Atta (10kg),Pulses & Grains,520,5,sale,2026-02-18,demo_script
Sugar,Pulses & Grains,45,12,sale,2026-02-18,demo_script
Fortune Sunflower Oil (1L),Cooking,180,7,sale,2026-02-18,demo_script
MDH Garam Masala,Cooking,85,5,sale,2026-02-18,demo_script
Saffola Gold Oil (1L),Cooking,220,2,sale,2026-02-18,demo_script
Maggi Noodles,Snacks,14,31,sale,2026-02-18,demo_script
Parle-G Biscuits,Snacks,10,22,sale,2026-02-18,demo_script
Lays Chips (Small),Snacks,20,19,sale,2026-02-18,demo_script
Britannia Bread,Bakery,45,14,sale,2026-02-18,demo_script
Tata Tea Gold (500g),Beverages,280,4,sale,2026-02-18,demo_script
Nescafe Classic (50g),Beverages,160,3,sale,2026-02-18,demo_script
Amul Milk (500ml),Dairy,30,40,sale,2026-02-18,demo_script
Surf Excel (1kg),Household,250,3,sale,2026-02-18,demo_script
Vim Dishwash Bar,Household,35,4,sale,2026-02-18,demo_script
Lux Soap,Personal Care,48,3,sale,2026-02-18,demo_script
Colgate Toothpaste,Personal Care,95,3,sale,2026-02-18,demo_script
Eggs (dozen),Daily Essentials,80,12,sale,2026-02-18,demo_script
Amul Butter (100g),Dairy,56,5,sale,2026-02-18,demo_script
Toor Dal,Pulses & Grains,160,8,sale,2026-02-19,demo_script
Basmati Rice (5kg),Pulses & Grains,450,5,sale,2026-02-19,demo_script
Aashirvaad Atta (10kg),Pulses & Grains,520,6,sale,2026-02-19,demo_script
Sugar,Pulses & Grains,45,10,sale,2026-02-19,demo_script
Fortune Sunflower Oil (1L),Cooking,180,6,sale,2026-02-19,demo_script
MDH Garam Masala,Cooking,85,3,sale,2026-02-19,demo_script
Saffola Gold Oil (1L),Cooking,220,2,sale,2026-02-19,demo_script
Maggi Noodles,Snacks,14,22,sale,2026-02-19,demo_script
Parle-G Biscuits,Snacks,10,24,sale,2026-02-19,demo_script
Lays Chips (Small),Snacks,20,12,sale,2026-02-19,demo_script
Britannia Bread,Bakery,45,11,sale,2026-02-19,demo_script
Tata Tea Gold (500g),Beverages,280,3,sale,2026-02-19,demo_script
Nescafe Classic (50g),Beverages,160,2,sale,2026-02-19,demo_script
Amul Milk (500ml),Dairy,30,46,sale,2026-02-19,demo_script
Surf Excel (1kg),Household,250,4,sale,2026-02-19,demo_script
Vim Dishwash Bar,Household,35,4,sale,2026-02-19,demo_script
Lux Soap,Personal Care,48,5,sale,2026-02-19,demo_script
Colgate Toothpaste,Personal Care,95,3,sale,2026-02-19,demo_script
Eggs (dozen),Daily Essentials,80,11,sale,2026-02-19,demo_script
Amul Butter (100g),Dairy,56,7,sale,2026-02-19,demo_script
Toor Dal,Pulses & Grains,160,10,sale,2026-02-20,demo_script
Toor Dal,Pulses & Grains,160,116,restock,2026-02-20,demo_script
Basmati Rice (5kg),Pulses & Grains,450,6,sale,2026-02-20,demo_script
Basmati Rice (5kg),Pulses & Grains,450,91,restock,2026-02-20,demo_script
Aashirvaad Atta (10kg),Pulses & Grains,520,5,sale,2026-02-20,demo_script
Aashirvaad Atta (10kg),Pulses & Grains,520,78,restock,2026-02-20,demo_script
Sugar,Pulses & Grains,45,8,sale,2026-02-20,demo_script
Sugar,Pulses & Grains,45,162,restock,2026-02-20,demo_script
Fortune Sunflower Oil (1L),Cooking,180,6,sale,2026-02-20,demo_script
Fortune Sunflower Oil (1L),Cooking,180,105,restock,2026-02-20,demo_script
MDH Garam Masala,Cooking,85,3,sale,2026-02-20,demo_script
MDH Garam Masala,Cooking,85,56,restock,2026-02-20,demo_script
Saffola Gold Oil (1L),Cooking,220,3,sale,2026-02-20,demo_script
Saffola Gold Oil (1L),Cooking,220,47,restock,2026-02-20,demo_script
Maggi Noodles,Snacks,14,24,sale,2026-02-20,demo_script
Maggi Noodles,Snacks,14,351,restock,2026-02-20,demo_script
Parle-G Biscuits,Snacks,10,23,sale,2026-02-20,demo_script
Parle-G Biscuits,Snacks,10,409,restock,2026-02-20,demo_script
Lays Chips (Small),Snacks,20,14,sale,2026-02-20,demo_script
Lays Chips (Small),Snacks,20,217,restock,2026-02-20,demo_script
Britannia Bread,Bakery,45,8,sale,2026-02-20,demo_script
Britannia Bread,Bakery,45,181,restock,2026-02-20,demo_script
Tata Tea Gold (500g),Beverages,280,5,sale,2026-02-20,demo_script
Tata Tea Gold (500g),Beverages,280,60,restock,2026-02-20,demo_script
Nescafe Classic (50g),Beverages,160,2,sale,2026-02-20,demo_script
Nescafe Classic (50g),Beverages,160,38,restock,2026-02-20,demo_script
Amul Milk (500ml),Dairy,30,37,sale,2026-02-20,demo_script
Amul Milk (500ml),Dairy,30,531,restock,2026-02-20,demo_script
Surf Excel (1kg),Household,250,2,sale,2026-02-20,demo_script
Surf Excel (1kg),Household,250,66,restock,2026-02-20,demo_script
Vim Dishwash Bar,Household,35,4,sale,2026-02-20,demo_script
Vim Dishwash Bar,Household,35,96,restock,2026-02-20,demo_script
Lux Soap,Personal Care,48,4,sale,2026-02-20,demo_script
Lux Soap,Personal Care,48,64,restock,2026-02-20,demo_script
Colgate Toothpaste,Personal Care,95,3,sale,2026-02-20,demo_script
Colgate Toothpaste,Personal Care,95,58,restock,2026-02-20,demo_script
Eggs (dozen),Daily Essentials,80,8,sale,2026-02-20,demo_script
Eggs (dozen),Daily Essentials,80,136,restock,2026-02-20,demo_script
Amul Butter (100g),Dairy,56,6,sale,2026-02-20,demo_script
Amul Butter (100g),Dairy,56,84,restock,2026-02-20,demo_script
Toor Dal,Pulses & Grains,160,7,sale,2026-02-21,demo_script
Basmati Rice (5kg),Pulses & Grains,450,10,sale,2026-02-21,demo_script
Aashirvaad Atta (10kg),Pulses & Grains,520,5,sale,2026-02-21,demo_script
Sugar,Pulses & Grains,45,8,sale,2026-02-21,demo_script
Fortune Sunflower Oil (1L),Cooking,180,12,sale,2026-02-21,demo_script
MDH Garam Masala,Cooking,85,4,sale,2026-02-21,demo_script
Saffola Gold Oil (1L),Cooking,220,5,sale,2026-02-21,demo_script
Maggi Noodles,Snacks,14,38,sale,2026-02-21,demo_script
Parle-G Biscuits,Snacks,10,50,sale,2026-02-21,demo_script
Lays Chips (Small),Snacks,20,24,sale,2026-02-21,demo_script
Britannia Bread,Bakery,45,17,sale,2026-02-21,demo_script
Tata Tea Gold (500g),Beverages,280,6,sale,2026-02-21,demo_script
Nescafe Classic (50g),Beverages,160,4,sale,2026-02-21,demo_script
Amul Milk (500ml),Dairy,30,50,sale,2026-02-21,demo_script
Surf Excel (1kg),Household,250,5,sale,2026-02-21,demo_script
Vim Dishwash Bar,Household,35,5,sale,2026-02-21,demo_script
Lux Soap,Personal Care,48,5,sale,2026-02-21,demo_script
Colgate Toothpaste,Personal Care,95,3,sale,2026-02-21,demo_script
Eggs (dozen),Daily Essentials,80,11,sale,2026-02-21,demo_script
Amul Butter (100g),Dairy,56,8,sale,2026-02-21,demo_script
Toor Dal,Pulses & Grains,160,10,sale,2026-02-22,demo_script
Basmati Rice (5kg),Pulses & Grains,450,7,sale,2026-02-22,demo_script
Aashirvaad Atta (10kg),Pulses & Grains,520,9,sale,2026-02-22,demo_script
Sugar,Pulses & Grains,45,16,sale,2026-02-22,demo_script
Fortune Sunflower Oil (1L),Cooking,180,7,sale,2026-02-22,demo_script
MDH Garam Masala,Cooking,85,4,sale,2026-02-22,demo_script
Saffola Gold Oil (1L),Cooking,220,3,sale,2026-02-22,demo_script
Maggi Noodles,Snacks,14,40,sale,2026-02-22,demo_script
Parle-G Biscuits,Snacks,10,43,sale,2026-02-22,demo_script
Lays Chips (Small),Snacks,20,27,sale,2026-02-22,demo_script
Britannia Bread,Bakery,45,16,sale,2026-02-22,demo_script
Tata Tea Gold (500g),Beverages,280,3,sale,2026-02-22,demo_script
Nescafe Classic (50g),Beverages,160,2,sale,2026-02-22,demo_script
Amul Milk (500ml),Dairy,30,31,sale,2026-02-22,demo_script
Surf Excel (1kg),Household,250,5,sale,2026-02-22,demo_script
Vim Dishwash Bar,Household,35,10,sale,2026-02-22,demo_script
Lux Soap,Personal Care,48,8,sale,2026-02-22,demo_script
Colgate Toothpaste,Personal Care,95,4,sale,2026-02-22,demo_script
Eggs (dozen),Daily Essentials,80,15,sale,2026-02-22,demo_script
Amul Butter (100g),Dairy,56,6,sale,2026-02-22,demo_script
Toor Dal,Pulses & Grains,160,9,sale,2026-02-23,demo_script
Basmati Rice (5kg),Pulses & Grains,450,7,sale,2026-02-23,demo_script
Aashirvaad Atta (10kg),Pulses & Grains,520,4,sale,2026-02-23,demo_script
Sugar,Pulses & Grains,45,8,sale,2026-02-23,demo_script
Fortune Sunflower Oil (1L),Cooking,180,9,sale,2026-02-23,demo_script
MDH Garam Masala,Cooking,85,3,sale,2026-02-23,demo_script
Saffola Gold Oil (1L),Cooking,220,2,sale,2026-02-23,demo_script
Maggi Noodles,Snacks,14,29,sale,2026-02-23,demo_script
Parle-G Biscuits,Snacks,10,24,sale,2026-02-23,demo_script
Lays Chips (Small),Snacks,20,11,sale,2026-02-23,demo_script
Britannia Bread,Bakery,45,15,sale,2026-02-23,demo_script
Tata Tea Gold (500g),Beverages,280,4,sale,2026-02-23,demo_script
Nescafe Classic (50g),Beverages,160,2,sale,2026-02-23,demo_script
Amul Milk (500ml),Dairy,30,25,sale,2026-02-23,demo_script
Surf Excel (1kg),Household,250,3,sale,2026-02-23,demo_script
Vim Dishwash Bar,Household,35,6,sale,2026-02-23,demo_script
Lux Soap,Personal Care,48,3,sale,2026-02-23,demo_script
Colgate Toothpaste,Personal Care,95,4,sale,2026-02-23,demo_script
Eggs (dozen),Daily Essentials,80,10,sale,2026-02-23,demo_script
Amul Butter (100g),Dairy,56,7,sale,2026-02-23,demo_script
Toor Dal,Pulses & Grains,160,6,sale,2026-02-24,demo_script
Basmati Rice (5kg),Pulses & Grains,450,5,sale,2026-02-24,demo_script
Aashirvaad Atta (10kg),Pulses & Grains,520,5,sale,2026-02-24,demo_script
Sugar,Pulses & Grains,45,7,sale,2026-02-24,demo_script
Fortune Sunflower Oil (1L),Cooking,180,4,sale,2026-02-24,demo_script
MDH Garam Masala,Cooking,85,4,sale,2026-02-24,demo_script
Saffola Gold Oil (1L),Cooking,220,2,sale,2026-02-24,demo_script
Maggi Noodles,Snacks,14,22,sale,2026-02-24,demo_script
Parle-G Biscuits,Snacks,10,28,sale,2026-02-24,demo_script
Lays Chips (Small),Snacks,20,12,sale,2026-02-24,demo_script
Britannia Bread,Bakery,45,11,sale,2026-02-24,demo_script
Tata Tea Gold (500g),Beverages,280,3,sale,2026-02-24,demo_script
Nescafe Classic (50g),Beverages,160,2,sale,2026-02-24,demo_script
Amul Milk (500ml),Dairy,30,26,sale,2026-02-24,demo_script
Surf Excel (1kg),Household,250,3,sale,2026-02-24,demo_script
Vim Dishwash Bar,Household,35,6,sale,2026-02-24,demo_script
Lux Soap,Personal Care,48,4,sale,2026-02-24,demo_script
Colgate Toothpaste,Personal Care,95,4,sale,2026-02-24,demo_script
Eggs (dozen),Daily Essentials,80,10,sale,2026-02-24,demo_script
Amul Butter (100g),Dairy,56,6,sale,2026-02-24,demo_script
Toor Dal,Pulses & Grains,160,10,sale,2026-02-25,demo_script
Basmati Rice (5kg),Pulses & Grains,450,5,sale,2026-02-25,demo_script
Aashirvaad Atta (10kg),Pulses & Grains,520,5,sale,2026-02-25,demo_script
Sugar,Pulses & Grains,45,10,sale,2026-02-25,demo_script
Fortune Sunflower Oil (1L),Cooking,180,6,sale,2026-02-25,demo_script
MDH Garam Masala,Cooking,85,3,sale,2026-02-25,demo_script
Saffola Gold Oil (1L),Cooking,220,4,sale,2026-02-25,demo_script
Maggi Noodles,Snacks,14,21,sale,2026-02-25,demo_script
Parle-G Biscuits,Snacks,10,21,sale,2026-02-25,demo_script
Lays Chips (Small),Snacks,20,9,sale,2026-02-25,demo_script
Britannia Bread,Bakery,45,15,sale,2026-02-25,demo_script
Tata Tea Gold (500g),Beverages,280,4,sale,2026-02-25,demo_script
Nescafe Classic (50g),Beverages,160,2,sale,2026-02-25,demo_script
Amul Milk (500ml),Dairy,30,32,sale,2026-02-25,demo_script
Surf Excel (1kg),Household,250,4,sale,2026-02-25,demo_script
Vim Dishwash Bar,Household,35,4,sale,2026-02-25,demo_script
Lux Soap,Personal Care,48,5,sale,2026-02-25,demo_script
Colgate Toothpaste,Personal Care,95,4,sale,2026-02-25,demo_script
Eggs (dozen),Daily Essentials,80,13,sale,2026-02-25,demo_script
Amul Butter (100g),Dairy,56,5,sale,2026-02-25,demo_script
Toor Dal,Pulses & Grains,160,7,sale,2026-02-26,demo_script
Basmati Rice (5kg),Pulses & Grains,450,9,sale,2026-02-26,demo_script
Aashirvaad Atta (10kg),Pulses & Grains,520,7,sale,2026-02-26,demo_script
Sugar,Pulses & Grains,45,10,sale,2026-02-26,demo_script
Fortune Sunflower Oil (1L),Cooking,180,6,sale,2026-02-26,demo_script
MDH Garam Masala,Cooking,85,4,sale,2026-02-26,demo_script
Saffola Gold Oil (1L),Cooking,220,3,sale,2026-02-26,demo_script
Maggi Noodles,Snacks,14,18,sale,2026-02-26,demo_script
Parle-G Biscuits,Snacks,10,38,sale,2026-02-26,demo_script
Lays Chips (Small),Snacks,20,11,sale,2026-02-26,demo_script
Britannia Bread,Bakery,45,14,sale,2026-02-26,demo_script
Tata Tea Gold (500g),Beverages,280,4,sale,2026-02-26,demo_script
Nescafe Classic (50g),Beverages,160,2,sale,2026-02-26,demo_script
Amul Milk (500ml),Dairy,30,29,sale,2026-02-26,demo_script
Surf Excel (1kg),Household,250,4,sale,2026-02-26,demo_script
Vim Dishwash Bar,Household,35,4,sale,2026-02-26,demo_script
Lux Soap,Personal Care,48,6,sale,2026-02-26,demo_script
Colgate Toothpaste,Personal Care,95,4,sale,2026-02-26,demo_script
Eggs (dozen),Daily Essentials,80,9,sale,2026-02-26,demo_script
Amul Butter (100g),Dairy,56,6,sale,2026-02-26,demo_script
Toor Dal,Pulses & Grains,160,11,sale,2026-02-27,demo_script
Basmati Rice (5kg),Pulses & Grains,450,9,sale,2026-02-27,demo_script
Aashirvaad Atta (10kg),Pulses & Grains,520,6,sale,2026-02-27,demo_script
Sugar,Pulses & Grains,45,7,sale,2026-02-27,demo_script
Fortune Sunflower Oil (1L),Cooking,180,5,sale,2026-02-27,demo_script
MDH Garam Masala,Cooking,85,3,sale,2026-02-27,demo_script
Saffola Gold Oil (1L),Cooking,220,3,sale,2026-02-27,demo_script
Maggi Noodles,Snacks,14,17,sale,2026-02-27,demo_script
Parle-G Biscuits,Snacks,10,28,sale,2026-02-27,demo_script
Lays Chips (Small),Snacks,20,12,sale,2026-02-27,demo_script
Britannia Bread,Bakery,45,8,sale,2026-02-27,demo_script
Tata Tea Gold (500g),Beverages,280,4,sale,2026-02-27,demo_script
Nescafe Classic (50g),Beverages,160,3,sale,2026-02-27,demo_script
Amul Milk (500ml),Dairy,30,34,sale,2026-02-27,demo_script
Surf Excel (1kg),Household,250,5,sale,2026-02-27,demo_script
Vim Dishwash Bar,Household,35,5,sale,2026-02-27,demo_script
Lux Soap,Personal Care,48,3,sale,2026-02-27,demo_script
Colgate Toothpaste,Personal Care,95,4,sale,2026-02-27,demo_script
Eggs (dozen),Daily Essentials,80,12,sale,2026-02-27,demo_script
Amul Butter (100g),Dairy,56,7,sale,2026-02-27,demo_script
Toor Dal,Pulses & Grains,160,11,sale,2026-02-28,demo_script
Basmati Rice (5kg),Pulses & Grains,450,13,sale,2026-02-28,demo_script
Aashirvaad Atta (10kg),Pulses & Grains,520,5,sale,2026-02-28,demo_script
Sugar,Pulses & Grains,45,13,sale,2026-02-28,demo_script
Fortune Sunflower Oil (1L),Cooking,180,11,sale,2026-02-28,demo_script
MDH Garam Masala,Cooking,85,4,sale,2026-02-28,demo_script
Saffola Gold Oil (1L),Cooking,220,3,sale,2026-02-28,demo_script
Maggi Noodles,Snacks,14,24,sale,2026-02-28,demo_script
Parle-G Biscuits,Snacks,10,45,sale,2026-02-28,demo_script
Lays Chips (Small),Snacks,20,24,sale,2026-02-28,demo_script
Britannia Bread,Bakery,45,20,sale,2026-02-28,demo_script
Tata Tea Gold (500g),Beverages,280,6,sale,2026-02-28,demo_script
Nescafe Classic (50g),Beverages,160,3,sale,2026-02-28,demo_script
Amul Milk (500ml),Dairy,30,41,sale,2026-02-28,demo_script
Surf Excel (1kg),Household,250,5,sale,2026-02-28,demo_script
Vim Dishwash Bar,Household,35,9,sale,2026-02-28,demo_script
Lux Soap,Personal Care,48,7,sale,2026-02-28,demo_script
Colgate Toothpaste,Personal Care,95,4,sale,2026-02-28,demo_script
Eggs (dozen),Daily Essentials,80,18,sale,2026-02-28,demo_script
Amul Butter (100g),Dairy,56,7,sale,2026-02-28,demo_script
Toor Dal,Pulses & Grains,160,12,sale,2026-03-01,demo_script
Toor Dal,Pulses & Grains,160,116,restock,2026-03-01,demo_script
Basmati Rice (5kg),Pulses & Grains,450,6,sale,2026-03-01,demo_script
Basmati Rice (5kg),Pulses & Grains,450,94,restock,2026-03-01,demo_script
Aashirvaad Atta (10kg),Pulses & Grains,520,6,sale,2026-03-01,demo_script
Aashirvaad Atta (10kg),Pulses & Grains,520,76,restock,2026-03-01,demo_script
Sugar,Pulses & Grains,45,11,sale,2026-03-01,demo_script
Sugar,Pulses & Grains,45,165,restock,2026-03-01,demo_script
Fortune Sunflower Oil (1L),Cooking,180,11,sale,2026-03-01,demo_script
Fortune Sunflower Oil (1L),Cooking,180,106,restock,2026-03-01,demo_script
MDH Garam Masala,Cooking,85,3,sale,2026-03-01,demo_script
MDH Garam Masala,Cooking,85,62,restock,2026-03-01,demo_script
Saffola Gold Oil (1L),Cooking,220,3,sale,2026-03-01,demo_script
Saffola Gold Oil (1L),Cooking,220,49,restock,2026-03-01,demo_script
Maggi Noodles,Snacks,14,35,sale,2026-03-01,demo_script
Maggi Noodles,Snacks,14,328,restock,2026-03-01,demo_script
Parle-G Biscuits,Snacks,10,48,sale,2026-03-01,demo_script
Parle-G Biscuits,Snacks,10,378,restock,2026-03-01,demo_script
Lays Chips (Small),Snacks,20,17,sale,2026-03-01,demo_script
Lays Chips (Small),Snacks,20,251,restock,2026-03-01,demo_script
Britannia Bread,Bakery,45,10,sale,2026-03-01,demo_script
Britannia Bread,Bakery,45,165,restock,2026-03-01,demo_script
Tata Tea Gold (500g),Beverages,280,5,sale,2026-03-01,demo_script
Tata Tea Gold (500g),Beverages,280,50,restock,2026-03-01,demo_script
Nescafe Classic (50g),Beverages,160,4,sale,2026-03-01,demo_script
Nescafe Classic (50g),Beverages,160,48,restock,2026-03-01,demo_script
Amul Milk (500ml),Dairy,30,40,sale,2026-03-01,demo_script
Amul Milk (500ml),Dairy,30,533,restock,2026-03-01,demo_script
Surf Excel (1kg),Household,250,6,sale,2026-03-01,demo_script
Surf Excel (1kg),Household,250,50,restock,2026-03-01,demo_script
Vim Dishwash Bar,Household,35,7,sale,2026-03-01,demo_script
Vim Dishwash Bar,Household,35,96,restock,2026-03-01,demo_script
Lux Soap,Personal Care,48,6,sale,2026-03-01,demo_script
Lux Soap,Personal Care,48,80,restock,2026-03-01,demo_script
Colgate Toothpaste,Personal Care,95,4,sale,2026-03-01,demo_script
Colgate Toothpaste,Personal Care,95,52,restock,2026-03-01,demo_script
Eggs (dozen),Daily Essentials,80,11,sale,2026-03-01,demo_script
Eggs (dozen),Daily Essentials,80,149,restock,2026-03-01,demo_script
Amul Butter (100g),Dairy,56,7,sale,2026-03-01,demo_script
Amul Butter (100g),Dairy,56,89,restock,2026-03-01,demo_script
Toor Dal,Pulses & Grains,160,8,sale,2026-03-02,demo_script
Basmati Rice (5kg),Pulses & Grains,450,8,sale,2026-03-02,demo_script
Aashirvaad Atta (10kg),Pulses & Grains,520,3,sale,2026-03-02,demo_script
Sugar,Pulses & Grains,45,9,sale,2026-03-02,demo_script
Fortune Sunflower Oil (1L),Cooking,180,8,sale,2026-03-02,demo_script
MDH Garam Masala,Cooking,85,5,sale,2026-03-02,demo_script
Saffola Gold Oil (1L),Cooking,220,2,sale,2026-03-02,demo_script
Maggi Noodles,Snacks,14,29,sale,2026-03-02,demo_script
Parle-G Biscuits,Snacks,10,23,sale,2026-03-02,demo_script
Lays Chips (Small),Snacks,20,11,sale,2026-03-02,demo_script
Britannia Bread,Bakery,45,11,sale,2026-03-02,demo_script
Tata Tea Gold (500g),Beverages,280,4,sale,2026-03-02,demo_script
Nescafe Classic (50g),Beverages,160,3,sale,2026-03-02,demo_script
Amul Milk (500ml),Dairy,30,36,sale,2026-03-02,demo_script
Surf Excel (1kg),Household,250,5,sale,2026-03-02,demo_script
Vim Dishwash Bar,Household,35,7,sale,2026-03-02,demo_script
Lux Soap,Personal Care,48,5,sale,2026-03-02,demo_script
Colgate Toothpaste,Personal Care,95,4,sale,2026-03-02,demo_script
Eggs (dozen),Daily Essentials,80,8,sale,2026-03-02,demo_script
Amul Butter (100g),Dairy,56,4,sale,2026-03-02,demo_script
Toor Dal,Pulses & Grains,160,10,sale,2026-03-03,demo_script
Basmati Rice (5kg),Pulses & Grains,450,5,sale,2026-03-03,demo_script
Aashirvaad Atta (10kg),Pulses & Grains,520,5,sale,2026-03-03,demo_script
Sugar,Pulses & Grains,45,10,sale,2026-03-03,demo_script
Fortune Sunflower Oil (1L),Cooking,180,4,sale,2026-03-03,demo_script
MDH Garam Masala,Cooking,85,3,sale,2026-03-03,demo_script
Saffola Gold Oil (1L),Cooking,220,2,sale,2026-03-03,demo_script
Maggi Noodles,Snacks,14,28,sale,2026-03-03,demo_script
Parle-G Biscuits,Snacks,10,37,sale,2026-03-03,demo_script
Lays Chips (Small),Snacks,20,11,sale,2026-03-03,demo_script
Britannia Bread,Bakery,45,11,sale,2026-03-03,demo_script
Tata Tea Gold (500g),Beverages,280,3,sale,2026-03-03,demo_script
Nescafe Classic (50g),Beverages,160,2,sale,2026-03-03,demo_script
Amul Milk (500ml),Dairy,30,39,sale,2026-03-03,demo_script
Surf Excel (1kg),Household,250,5,sale,2026-03-03,demo_script
Vim Dishwash Bar,Household,35,5,sale,2026-03-03,demo_script
Lux Soap,Personal Care,48,6,sale,2026-03-03,demo_script
Colgate Toothpaste,Personal Care,95,3,sale,2026-03-03,demo_script
Eggs (dozen),Daily Essentials,80,11,sale,2026-03-03,demo_script
Amul Butter (100g),Dairy,56,5,sale,2026-03-03,demo_script
Toor Dal,Pulses & Grains,160,5,sale,2026-03-04,demo_script
Basmati Rice (5kg),Pulses & Grains,450,6,sale,2026-03-04,demo_script
Aashirvaad Atta (10kg),Pulses & Grains,520,6,sale,2026-03-04,demo_script
Sugar,Pulses & Grains,45,8,sale,2026-03-04,demo_script
Fortune Sunflower Oil (1L),Cooking,180,8,sale,2026-03-04,demo_script
MDH Garam Masala,Cooking,85,4,sale,2026-03-04,demo_script
Saffola Gold Oil (1L),Cooking,220,2,sale,2026-03-04,demo_script
Maggi Noodles,Snacks,14,24,sale,2026-03-04,demo_script
Parle-G Biscuits,Snacks,10,40,sale,2026-03-04,demo_script
Lays Chips (Small),Snacks,20,14,sale,2026-03-04,demo_script
Britannia Bread,Bakery,45,10,sale,2026-03-04,demo_script
Tata Tea Gold (500g),Beverages,280,5,sale,2026-03-04,demo_script
Nescafe Classic (50g),Beverages,160,2,sale,2026-03-04,demo_script
Amul Milk (500ml),Dairy,30,27,sale,2026-03-04,demo_script
Surf Excel (1kg),Household,250,5,sale,2026-03-04,demo_script
Vim Dishwash Bar,Household,35,7,sale,2026-03-04,demo_script
Lux Soap,Personal Care,48,4,sale,2026-03-04,demo_script
Colgate Toothpaste,Personal Care,95,5,sale,2026-03-04,demo_script
Eggs (dozen),Daily Essentials,80,7,sale,2026-03-04,demo_script
Amul Butter (100g),Dairy,56,6,sale,2026-03-04,demo_script
Toor Dal,Pulses & Grains,160,5,sale,2026-03-05,demo_script
Basmati Rice (5kg),Pulses & Grains,450,3,sale,2026-03-05,demo_script
Aashirvaad Atta (10kg),Pulses & Grains,520,3,sale,2026-03-05,demo_script
Sugar,Pulses & Grains,45,8,sale,2026-03-05,demo_script
Fortune Sunflower Oil (1L),Cooking,180,9,sale,2026-03-05,demo_script
MDH Garam Masala,Cooking,85,5,sale,2026-03-05,demo_script
Saffola Gold Oil (1L),Cooking,220,3,sale,2026-03-05,demo_script
Maggi Noodles,Snacks,14,24,sale,2026-03-05,demo_script
Parle-G Biscuits,Snacks,10,25,sale,2026-03-05,demo_script
Lays Chips (Small),Snacks,20,15,sale,2026-03-05,demo_script
Britannia Bread,Bakery,45,16,sale,2026-03-05,demo_script
Tata Tea Gold (500g),Beverages,280,2,sale,2026-03-05,demo_script
Nescafe Classic (50g),Beverages,160,3,sale,2026-03-05,demo_script
Amul Milk (500ml),Dairy,30,41,sale,2026-03-05,demo_script
Surf Excel (1kg),Household,250,5,sale,2026-03-05,demo_script
Vim Dishwash Bar,Household,35,5,sale,2026-03-05,demo_script
Lux Soap,Personal Care,48,6,sale,2026-03-05,demo_script
Colgate Toothpaste,Personal Care,95,4,sale,2026-03-05,demo_script
Eggs (dozen),Daily Essentials,80,8,sale,2026-03-05,demo_script
Amul Butter (100g),Dairy,56,6,sale,2026-03-05,demo_script
Toor Dal,Pulses & Grains,160,8,sale,2026-03-06,demo_script
Basmati Rice (5kg),Pulses & Grains,450,7,sale,2026-03-06,demo_script
Aashirvaad Atta (10kg),Pulses & Grains,520,3,sale,2026-03-06,demo_script
Sugar,Pulses & Grains,45,12,sale,2026-03-06,demo_script
Fortune Sunflower Oil (1L),Cooking,180,6,sale,2026-03-06,demo_script
MDH Garam Masala,Cooking,85,5,sale,2026-03-06,demo_script
Saffola Gold Oil (1L),Cooking,220,2,sale,2026-03-06,demo_script
Maggi Noodles,Snacks,14,27,sale,2026-03-06,demo_script
Parle-G Biscuits,Snacks,10,36,sale,2026-03-06,demo_script
Lays Chips (Small),Snacks,20,14,sale,2026-03-06,demo_script
Britannia Bread,Bakery,45,16,sale,2026-03-06,demo_script
Tata Tea Gold (500g),Beverages,280,4,sale,2026-03-06,demo_script
Nescafe Classic (50g),Beverages,160,2,sale,2026-03-06,demo_script
Amul Milk (500ml),Dairy,30,40,sale,2026-03-06,demo_script
Surf Excel (1kg),Household,250,4,sale,2026-03-06,demo_script
Vim Dishwash Bar,Household,35,4,sale,2026-03-06,demo_script
Lux Soap,Personal Care,48,3,sale,2026-03-06,demo_script
Colgate Toothpaste,Personal Care,95,4,sale,2026-03-06,demo_script
Eggs (dozen),Daily Essentials,80,9,sale,2026-03-06,demo_script
Amul Butter (100g),Dairy,56,7,sale,2026-03-06,demo_script
Toor Dal,Pulses & Grains,160,7,sale,2026-03-07,demo_script
Basmati Rice (5kg),Pulses & Grains,450,5,sale,2026-03-07,demo_script
Aashirvaad Atta (10kg),Pulses & Grains,520,8,sale,2026-03-07,demo_script
Sugar,Pulses & Grains,45,9,sale,2026-03-07,demo_script
Fortune Sunflower Oil (1L),Cooking,180,11,sale,2026-03-07,demo_script
MDH Garam Masala,Cooking,85,4,sale,2026-03-07,demo_script
Saffola Gold Oil (1L),Cooking,220,2,sale,2026-03-07,demo_script
Maggi Noodles,Snacks,14,41,sale,2026-03-07,demo_script
Parle-G Biscuits,Snacks,10,47,sale,2026-03-07,demo_script
Lays Chips (Small),Snacks,20,14,sale,2026-03-07,demo_script
Britannia Bread,Bakery,45,19,sale,2026-03-07,demo_script
Tata Tea Gold (500g),Beverages,280,5,sale,2026-03-07,demo_script
Nescafe Classic (50g),Beverages,160,4,sale,2026-03-07,demo_script
Amul Milk (500ml),Dairy,30,52,sale,2026-03-07,demo_script
Surf Excel (1kg),Household,250,6,sale,2026-03-07,demo_script
Vim Dishwash Bar,Household,35,10,sale,2026-03-07,demo_script
Lux Soap,Personal Care,48,6,sale,2026-03-07,demo_script
Colgate Toothpaste,Personal Care,95,4,sale,2026-03-07,demo_script
Eggs (dozen),Daily Essentials,80,10,sale,2026-03-07,demo_script
Amul Butter (100g),Dairy,56,9,sale,2026-03-07,demo_script
Toor Dal,Pulses & Grains,160,7,sale,2026-03-08,demo_script
Basmati Rice (5kg),Pulses & Grains,450,9,sale,2026-03-08,demo_script
Aashirvaad Atta (10kg),Pulses & Grains,520,6,sale,2026-03-08,demo_script
Sugar,Pulses & Grains,45,15,sale,2026-03-08,demo_script
Fortune Sunflower Oil (1L),Cooking,180,10,sale,2026-03-08,demo_script
MDH Garam Masala,Cooking,85,5,sale,2026-03-08,demo_script
Saffola Gold Oil (1L),Cooking,220,4,sale,2026-03-08,demo_script
Maggi Noodles,Snacks,14,26,sale,2026-03-08,demo_script
Parle-G Biscuits,Snacks,10,50,sale,2026-03-08,demo_script
Lays Chips (Small),Snacks,20,16,sale,2026-03-08,demo_script
Britannia Bread,Bakery,45,21,sale,2026-03-08,demo_script
Tata Tea Gold (500g),Beverages,280,5,sale,2026-03-08,demo_script
Nescafe Classic (50g),Beverages,160,2,sale,2026-03-08,demo_script
Amul Milk (500ml),Dairy,30,35,sale,2026-03-08,demo_script
Surf Excel (1kg),Household,250,7,sale,2026-03-08,demo_script
Vim Dishwash Bar,Household,35,6,sale,2026-03-08,demo_script
Lux Soap,Personal Care,48,8,sale,2026-03-08,demo_script
Colgate Toothpaste,Personal Care,95,6,sale,2026-03-08,demo_script
Eggs (dozen),Daily Essentials,80,10,sale,2026-03-08,demo_script
Amul Butter (100g),Dairy,56,8,sale,2026-03-08,demo_script
Toor Dal,Pulses & Grains,160,5,sale,2026-03-09,demo_script
Basmati Rice (5kg),Pulses & Grains,450,8,sale,2026-03-09,demo_script
Aashirvaad Atta (10kg),Pulses & Grains,520,3,sale,2026-03-09,demo_script
Sugar,Pulses & Grains,45,12,sale,2026-03-09,demo_script
Fortune Sunflower Oil (1L),Cooking,180,5,sale,2026-03-09,demo_script
MDH Garam Masala,Cooking,85,3,sale,2026-03-09,demo_script
Saffola Gold Oil (1L),Cooking,220,2,sale,2026-03-09,demo_script
Maggi Noodles,Snacks,14,20,sale,2026-03-09,demo_script
Parle-G Biscuits,Snacks,10,19,sale,2026-03-09,demo_script
Lays Chips (Small),Snacks,20,14,sale,2026-03-09,demo_script
Britannia Bread,Bakery,45,8,sale,2026-03-09,demo_script
Tata Tea Gold (500g),Beverages,280,3,sale,2026-03-09,demo_script
Nescafe Classic (50g),Beverages,160,3,sale,2026-03-09,demo_script
Amul Milk (500ml),Dairy,30,25,sale,2026-03-09,demo_script
Surf Excel (1kg),Household,250,3,sale,2026-03-09,demo_script
Vim Dishwash Bar,Household,35,7,sale,2026-03-09,demo_script
Lux Soap,Personal Care,48,4,sale,2026-03-09,demo_script
Colgate Toothpaste,Personal Care,95,4,sale,2026-03-09,demo_script
Eggs (dozen),Daily Essentials,80,7,sale,2026-03-09,demo_script
Amul Butter (100g),Dairy,56,6,sale,2026-03-09,demo_script
Toor Dal,Pulses & Grains,160,5,sale,2026-03-10,demo_script
Toor Dal,Pulses & Grains,160,116,restock,2026-03-10,demo_script
Basmati Rice (5kg),Pulses & Grains,450,7,sale,2026-03-10,demo_script
Basmati Rice (5kg),Pulses & Grains,450,84,restock,2026-03-10,demo_script
Aashirvaad Atta (10kg),Pulses & Grains,520,5,sale,2026-03-10,demo_script
Aashirvaad Atta (10kg),Pulses & Grains,520,69,restock,2026-03-10,demo_script
Sugar,Pulses & Grains,45,10,sale,2026-03-10,demo_script
Sugar,Pulses & Grains,45,146,restock,2026-03-10,demo_script
Fortune Sunflower Oil (1L),Cooking,180,6,sale,2026-03-10,demo_script
Fortune Sunflower Oil (1L),Cooking,180,102,restock,2026-03-10,demo_script
MDH Garam Masala,Cooking,85,5,sale,2026-03-10,demo_script
MDH Garam Masala,Cooking,85,64,restock,2026-03-10,demo_script
Saffola Gold Oil (1L),Cooking,220,1,sale,2026-03-10,demo_script
Saffola Gold Oil (1L),Cooking,220,46,restock,2026-03-10,demo_script
Maggi Noodles,Snacks,14,30,sale,2026-03-10,demo_script
Maggi Noodles,Snacks,14,343,restock,2026-03-10,demo_script
Parle-G Biscuits,Snacks,10,31,sale,2026-03-10,demo_script
Parle-G Biscuits,Snacks,10,430,restock,2026-03-10,demo_script
Lays Chips (Small),Snacks,20,11,sale,2026-03-10,demo_script
Lays Chips (Small),Snacks,20,220,restock,2026-03-10,demo_script
Britannia Bread,Bakery,45,8,sale,2026-03-10,demo_script
Britannia Bread,Bakery,45,162,restock,2026-03-10,demo_script
Tata Tea Gold (500g),Beverages,280,3,sale,2026-03-10,demo_script
Tata Tea Gold (500g),Beverages,280,57,restock,2026-03-10,demo_script
Nescafe Classic (50g),Beverages,160,3,sale,2026-03-10,demo_script
Nescafe Classic (50g),Beverages,160,38,restock,2026-03-10,demo_script
Amul Milk (500ml),Dairy,30,38,sale,2026-03-10,demo_script
Amul Milk (500ml),Dairy,30,531,restock,2026-03-10,demo_script
Surf Excel (1kg),Household,250,4,sale,2026-03-10,demo_script
Surf Excel (1kg),Household,250,60,restock,2026-03-10,demo_script
Vim Dishwash Bar,Household,35,6,sale,2026-03-10,demo_script
Vim Dishwash Bar,Household,35,96,restock,2026-03-10,demo_script
Lux Soap,Personal Care,48,4,sale,2026-03-10,demo_script
Lux Soap,Personal Care,48,75,restock,2026-03-10,demo_script
Colgate Toothpaste,Personal Care,95,3,sale,2026-03-10,demo_script
Colgate Toothpaste,Personal Care,95,51,restock,2026-03-10,demo_script
Eggs (dozen),Daily Essentials,80,7,sale,2026-03-10,demo_script
Eggs (dozen),Daily Essentials,80,132,restock,2026-03-10,demo_script
Amul Butter (100g),Dairy,56,4,sale,2026-03-10,demo_script
Amul Butter (100g),Dairy,56,90,restock,2026-03-10,demo_script
Toor Dal,Pulses & Grains,160,9,sale,2026-03-11,demo_script
Basmati Rice (5kg),Pulses & Grains,450,5,sale,2026-03-11,demo_script
Aashirvaad Atta (10kg),Pulses & Grains,520,6,sale,2026-03-11,demo_script
Sugar,Pulses & Grains,45,7,sale,2026-03-11,demo_script
Fortune Sunflower Oil (1L),Cooking,180,5,sale,2026-03-11,demo_script
MDH Garam Masala,Cooking,85,2,sale,2026-03-11,demo_script
Saffola Gold Oil (1L),Cooking,220,3,sale,2026-03-11,demo_script
Maggi Noodles,Snacks,14,18,sale,2026-03-11,demo_script
Parle-G Biscuits,Snacks,10,26,sale,2026-03-11,demo_script
Lays Chips (Small),Snacks,20,13,sale,2026-03-11,demo_script
Britannia Bread,Bakery,45,11,sale,2026-03-11,demo_script
Tata Tea Gold (500g),Beverages,280,4,sale,2026-03-11,demo_script
Nescafe Classic (50g),Beverages,160,3,sale,2026-03-11,demo_script
Amul Milk (500ml),Dairy,30,33,sale,2026-03-11,demo_script
Surf Excel (1kg),Household,250,4,sale,2026-03-11,demo_script
Vim Dishwash Bar,Household,35,4,sale,2026-03-11,demo_script
Lux Soap,Personal Care,48,5,sale,2026-03-11,demo_script
Colgate Toothpaste,Personal Care,95,3,sale,2026-03-11,demo_script
Eggs (dozen),Daily Essentials,80,13,sale,2026-03-11,demo_script
Amul Butter (100g),Dairy,56,6,sale,2026-03-11,demo_script
Toor Dal,Pulses & Grains,160,6,sale,2026-03-12,demo_script
Basmati Rice (5kg),Pulses & Grains,450,3,sale,2026-03-12,demo_script
Aashirvaad Atta (10kg),Pulses & Grains,520,4,sale,2026-03-12,demo_script
Sugar,Pulses & Grains,45,8,sale,2026-03-12,demo_script
Fortune Sunflower Oil (1L),Cooking,180,5,sale,2026-03-12,demo_script
MDH Garam Masala,Cooking,85,4,sale,2026-03-12,demo_script
Saffola Gold Oil (1L),Cooking,220,3,sale,2026-03-12,demo_script
Maggi Noodles,Snacks,14,33,sale,2026-03-12,demo_script
Parle-G Biscuits,Snacks,10,32,sale,2026-03-12,demo_script
Lays Chips (Small),Snacks,20,11,sale,2026-03-12,demo_script
Britannia Bread,Bakery,45,10,sale,2026-03-12,demo_script
Tata Tea Gold (500g),Beverages,280,4,sale,2026-03-12,demo_script
Nescafe Classic (50g),Beverages,160,3,sale,2026-03-12,demo_script
Amul Milk (500ml),Dairy,30,41,sale,2026-03-12,demo_script
Surf Excel (1kg),Household,250,2,sale,2026-03-12,demo_script
Vim Dishwash Bar,Household,35,6,sale,2026-03-12,demo_script
Lux Soap,Personal Care,48,4,sale,2026-03-12,demo_script
Colgate Toothpaste,Personal Care,95,4,sale,2026-03-12,demo_script
Eggs (dozen),Daily Essentials,80,10,sale,2026-03-12,demo_script
Amul Butter (100g),Dairy,56,7,sale,2026-03-12,demo_script
Toor Dal,Pulses & Grains,160,5,sale,2026-03-13,demo_script
Basmati Rice (5kg),Pulses & Grains,450,5,sale,2026-03-13,demo_script
Aashirvaad Atta (10kg),Pulses & Grains,520,4,sale,2026-03-13,demo_script
Sugar,Pulses & Grains,45,10,sale,2026-03-13,demo_script
Fortune Sunflower Oil (1L),Cooking,180,9,sale,2026-03-13,demo_script
MDH Garam Masala,Cooking,85,5,sale,2026-03-13,demo_script
Saffola Gold Oil (1L),Cooking,220,2,sale,2026-03-13,demo_script
Maggi Noodles,Snacks,14,23,sale,2026-03-13,demo_script
Parle-G Biscuits,Snacks,10,23,sale,2026-03-13,demo_script
Lays Chips (Small),Snacks,20,9,sale,2026-03-13,demo_script
Britannia Bread,Bakery,45,8,sale,2026-03-13,demo_script
Tata Tea Gold (500g),Beverages,280,4,sale,2026-03-13,demo_script
Nescafe Classic (50g),Beverages,160,3,sale,2026-03-13,demo_script
Amul Milk (500ml),Dairy,30,30,sale,2026-03-13,demo_script
Surf Excel (1kg),Household,250,3,sale,2026-03-13,demo_script
Vim Dishwash Bar,Household,35,6,sale,2026-03-13,demo_script
Lux Soap,Personal Care,48,6,sale,2026-03-13,demo_script
Colgate Toothpaste,Personal Care,95,5,sale,2026-03-13,demo_script
Eggs (dozen),Daily Essentials,80,12,sale,2026-03-13,demo_script
Amul Butter (100g),Dairy,56,4,sale,2026-03-13,demo_script
Toor Dal,Pulses & Grains,160,9,sale,2026-03-14,demo_script
Basmati Rice (5kg),Pulses & Grains,450,9,sale,2026-03-14,demo_script
Aashirvaad Atta (10kg),Pulses & Grains,520,5,sale,2026-03-14,demo_script
Sugar,Pulses & Grains,45,11,sale,2026-03-14,demo_script
Fortune Sunflower Oil (1L),Cooking,180,11,sale,2026-03-14,demo_script
MDH Garam Masala,Cooking,85,6,sale,2026-03-14,demo_script
Saffola Gold Oil (1L),Cooking,220,3,sale,2026-03-14,demo_script
Maggi Noodles,Snacks,14,40,sale,2026-03-14,demo_script
Parle-G Biscuits,Snacks,10,46,sale,2026-03-14,demo_script
Lays Chips (Small),Snacks,20,14,sale,2026-03-14,demo_script
Britannia Bread,Bakery,45,19,sale,2026-03-14,demo_script
Tata Tea Gold (500g),Beverages,280,4,sale,2026-03-14,demo_script
Nescafe Classic (50g),Beverages,160,4,sale,2026-03-14,demo_script
Amul Milk (500ml),Dairy,30,47,sale,2026-03-14,demo_script
Surf Excel (1kg),Household,250,5,sale,2026-03-14,demo_script
Vim Dishwash Bar,Household,35,9,sale,2026-03-14,demo_script
Lux Soap,Personal Care,48,8,sale,2026-03-14,demo_script
Colgate Toothpaste,Personal Care,95,5,sale,2026-03-14,demo_script
Eggs (dozen),Daily Essentials,80,17,sale,2026-03-14,demo_script
Amul Butter (100g),Dairy,56,6,sale,2026-03-14,demo_script
Toor Dal,Pulses & Grains,160,10,sale,2026-03-15,demo_script
Toor Dal,Pulses & Grains,160,104,restock,2026-03-15,demo_script
Basmati Rice (5kg),Pulses & Grains,450,9,sale,2026-03-15,demo_script
Basmati Rice (5kg),Pulses & Grains,450,79,restock,2026-03-15,demo_script
Aashirvaad Atta (10kg),Pulses & Grains,520,6,sale,2026-03-15,demo_script
Aashirvaad Atta (10kg),Pulses & Grains,520,82,restock,2026-03-15,demo_script
Sugar,Pulses & Grains,45,9,sale,2026-03-15,demo_script
Sugar,Pulses & Grains,45,163,restock,2026-03-15,demo_script
Fortune Sunflower Oil (1L),Cooking,180,9,sale,2026-03-15,demo_script
Fortune Sunflower Oil (1L),Cooking,180,102,restock,2026-03-15,demo_script
MDH Garam Masala,Cooking,85,6,sale,2026-03-15,demo_script
MDH Garam Masala,Cooking,85,61,restock,2026-03-15,demo_script
Saffola Gold Oil (1L),Cooking,220,5,sale,2026-03-15,demo_script
Saffola Gold Oil (1L),Cooking,220,38,restock,2026-03-15,demo_script
Maggi Noodles,Snacks,14,33,sale,2026-03-15,demo_script
Maggi Noodles,Snacks,14,322,restock,2026-03-15,demo_script
Parle-G Biscuits,Snacks,10,27,sale,2026-03-15,demo_script
Parle-G Biscuits,Snacks,10,466,restock,2026-03-15,demo_script
Lays Chips (Small),Snacks,20,15,sale,2026-03-15,demo_script
Lays Chips (Small),Snacks,20,212,restock,2026-03-15,demo_script
Britannia Bread,Bakery,45,15,sale,2026-03-15,demo_script
Britannia Bread,Bakery,45,199,restock,2026-03-15,demo_script
Tata Tea Gold (500g),Beverages,280,6,sale,2026-03-15,demo_script
Tata Tea Gold (500g),Beverages,280,61,restock,2026-03-15,demo_script
Nescafe Classic (50g),Beverages,160,4,sale,2026-03-15,demo_script
Nescafe Classic (50g),Beverages,160,48,restock,2026-03-15,demo_script
Amul Milk (500ml),Dairy,30,39,sale,2026-03-15,demo_script
Amul Milk (500ml),Dairy,30,529,restock,2026-03-15,demo_script
Surf Excel (1kg),Household,250,4,sale,2026-03-15,demo_script
Surf Excel (1kg),Household,250,50,restock,2026-03-15,demo_script
Vim Dishwash Bar,Household,35,6,sale,2026-03-15,demo_script
Vim Dishwash Bar,Household,35,85,restock,2026-03-15,demo_script
Lux Soap,Personal Care,48,6,sale,2026-03-15,demo_script
Lux Soap,Personal Care,48,70,restock,2026-03-15,demo_script
Colgate Toothpaste,Personal Care,95,6,sale,2026-03-15,demo_script
Colgate Toothpaste,Personal Care,95,60,restock,2026-03-15,demo_script
Eggs (dozen),Daily Essentials,80,15,sale,2026-03-15,demo_script
Eggs (dozen),Daily Essentials,80,127,restock,2026-03-15,demo_script
Amul Butter (100g),Dairy,56,6,sale,2026-03-15,demo_script
Amul Butter (100g),Dairy,56,76,restock,2026-03-15,demo_script
Toor Dal,Pulses & Grains,160,7,sale,2026-03-16,demo_script
Basmati Rice (5kg),Pulses & Grains,450,4,sale,2026-03-16,demo_script
Aashirvaad Atta (10kg),Pulses & Grains,520,5,sale,2026-03-16,demo_script
Sugar,Pulses & Grains,45,7,sale,2026-03-16,demo_script
Fortune Sunflower Oil (1L),Cooking,180,8,sale,2026-03-16,demo_script
MDH Garam Masala,Cooking,85,3,sale,2026-03-16,demo_script
Saffola Gold Oil (1L),Cooking,220,2,sale,2026-03-16,demo_script
Maggi Noodles,Snacks,14,27,sale,2026-03-16,demo_script
Parle-G Biscuits,Snacks,10,27,sale,2026-03-16,demo_script
Lays Chips (Small),Snacks,20,17,sale,2026-03-16,demo_script
Britannia Bread,Bakery,45,12,sale,2026-03-16,demo_script
Tata Tea Gold (500g),Beverages,280,2,sale,2026-03-16,demo_script
Nescafe Classic (50g),Beverages,160,3,sale,2026-03-16,demo_script
Amul Milk (500ml),Dairy,30,38,sale,2026-03-16,demo_script
Surf Excel (1kg),Household,250,4,sale,2026-03-16,demo_script
Vim Dishwash Bar,Household,35,5,sale,2026-03-16,demo_script
Lux Soap,Personal Care,48,5,sale,2026-03-16,demo_script
Colgate Toothpaste,Personal Care,95,3,sale,2026-03-16,demo_script
Eggs (dozen),Daily Essentials,80,13,sale,2026-03-16,demo_script
Amul Butter (100g),Dairy,56,7,sale,2026-03-16,demo_script
Toor Dal,Pulses & Grains,160,5,sale,2026-03-17,demo_script
Basmati Rice (5kg),Pulses & Grains,450,6,sale,2026-03-17,demo_script
Aashirvaad Atta (10kg),Pulses & Grains,520,5,sale,2026-03-17,demo_script
Sugar,Pulses & Grains,45,10,sale,2026-03-17,demo_script
Fortune Sunflower Oil (1L),Cooking,180,5,sale,2026-03-17,demo_script
MDH Garam Masala,Cooking,85,5,sale,2026-03-17,demo_script
Saffola Gold Oil (1L),Cooking,220,2,sale,2026-03-17,demo_script
Maggi Noodles,Snacks,14,19,sale,2026-03-17,demo_script
Parle-G Biscuits,Snacks,10,36,sale,2026-03-17,demo_script
Lays Chips (Small),Snacks,20,17,sale,2026-03-17,demo_script
Britannia Bread,Bakery,45,8,sale,2026-03-17,demo_script
Tata Tea Gold (500g),Beverages,280,5,sale,2026-03-17,demo_script
Nescafe Classic (50g),Beverages,160,2,sale,2026-03-17,demo_script
Amul Milk (500ml),Dairy,30,37,sale,2026-03-17,demo_script
Surf Excel (1kg),Household,250,3,sale,2026-03-17,demo_script
Vim Dishwash Bar,Household,35,5,sale,2026-03-17,demo_script
Lux Soap,Personal Care,48,4,sale,2026-03-17,demo_script
Colgate Toothpaste,Personal Care,95,5,sale,2026-03-17,demo_script
Eggs (dozen),Daily Essentials,80,12,sale,2026-03-17,demo_script
Amul Butter (100g),Dairy,56,4,sale,2026-03-17,demo_script
Toor Dal,Pulses & Grains,160,6,sale,2026-03-18,demo_script
Basmati Rice (5kg),Pulses & Grains,450,7,sale,2026-03-18,demo_script
Aashirvaad Atta (10kg),Pulses & Grains,520,3,sale,2026-03-18,demo_script
Sugar,Pulses & Grains,45,8,sale,2026-03-18,demo_script
Fortune Sunflower Oil (1L),Cooking,180,5,sale,2026-03-18,demo_script
MDH Garam Masala,Cooking,85,3,sale,2026-03-18,demo_script
Saffola Gold Oil (1L),Cooking,220,3,sale,2026-03-18,demo_script
Maggi Noodles,Snacks,14,24,sale,2026-03-18,demo_script
Parle-G Biscuits,Snacks,10,28,sale,2026-03-18,demo_script
Lays Chips (Small),Snacks,20,18,sale,2026-03-18,demo_script
Britannia Bread,Bakery,45,10,sale,2026-03-18,demo_script
Tata Tea Gold (500g),Beverages,280,4,sale,2026-03-18,demo_script
Nescafe Classic (50g),Beverages,160,3,sale,2026-03-18,demo_script
Amul Milk (500ml),Dairy,30,35,sale,2026-03-18,demo_script
Surf Excel (1kg),Household,250,4,sale,2026-03-18,demo_script
Vim Dishwash Bar,Household,35,7,sale,2026-03-18,demo_script
Lux Soap,Personal Care,48,5,sale,2026-03-18,demo_script
Colgate Toothpaste,Personal Care,95,5,sale,2026-03-18,demo_script
Eggs (dozen),Daily Essentials,80,8,sale,2026-03-18,demo_script
Amul Butter (100g),Dairy,56,6,sale,2026-03-18,demo_script
Toor Dal,Pulses & Grains,160,5,sale,2026-03-19,demo_script
Basmati Rice (5kg),Pulses & Grains,450,5,sale,2026-03-19,demo_script
Aashirvaad Atta (10kg),Pulses & Grains,520,6,sale,2026-03-19,demo_script
Sugar,Pulses & Grains,45,13,sale,2026-03-19,demo_script
Fortune Sunflower Oil (1L),Cooking,180,7,sale,2026-03-19,demo_script
MDH Garam Masala,Cooking,85,2,sale,2026-03-19,demo_script
Saffola Gold Oil (1L),Cooking,220,3,sale,2026-03-19,demo_script
Maggi Noodles,Snacks,14,25,sale,2026-03-19,demo_script
Parle-G Biscuits,Snacks,10,34,sale,2026-03-19,demo_script
Lays Chips (Small),Snacks,20,18,sale,2026-03-19,demo_script
Britannia Bread,Bakery,45,15,sale,2026-03-19,demo_script
Tata Tea Gold (500g),Beverages,280,3,sale,2026-03-19,demo_script
Nescafe Classic (50g),Beverages,160,4,sale,2026-03-19,demo_script
Amul Milk (500ml),Dairy,30,36,sale,2026-03-19,demo_script
Surf Excel (1kg),Household,250,2,sale,2026-03-19,demo_script
Vim Dishwash Bar,Household,35,5,sale,2026-03-19,demo_script
Lux Soap,Personal Care,48,4,sale,2026-03-19,demo_script
Colgate Toothpaste,Personal Care,95,3,sale,2026-03-19,demo_script
Eggs (dozen),Daily Essentials,80,10,sale,2026-03-19,demo_script
Amul Butter (100g),Dairy,56,6,sale,2026-03-19,demo_script
Toor Dal,Pulses & Grains,160,7,sale,2026-03-20,demo_script
Toor Dal,Pulses & Grains,160,114,restock,2026-03-20,demo_script
Basmati Rice (5kg),Pulses & Grains,450,6,sale,2026-03-20,demo_script
Basmati Rice (5kg),Pulses & Grains,450,77,restock,2026-03-20,demo_script
Aashirvaad Atta (10kg),Pulses & Grains,520,3,sale,2026-03-20,demo_script
Aashirvaad Atta (10kg),Pulses & Grains,520,65,restock,2026-03-20,demo_script
Sugar,Pulses & Grains,45,9,sale,2026-03-20,demo_script
Sugar,Pulses & Grains,45,142,restock,2026-03-20,demo_script
Fortune Sunflower Oil (1L),Cooking,180,7,sale,2026-03-20,demo_script
Fortune Sunflower Oil (1L),Cooking,180,109,restock,2026-03-20,demo_script
MDH Garam Masala,Cooking,85,3,sale,2026-03-20,demo_script
MDH Garam Masala,Cooking,85,55,restock,2026-03-20,demo_script
Saffola Gold Oil (1L),Cooking,220,3,sale,2026-03-20,demo_script
Saffola Gold Oil (1L),Cooking,220,48,restock,2026-03-20,demo_script
Maggi Noodles,Snacks,14,24,sale,2026-03-20,demo_script
Maggi Noodles,Snacks,14,407,restock,2026-03-20,demo_script
Parle-G Biscuits,Snacks,10,28,sale,2026-03-20,demo_script
Parle-G Biscuits,Snacks,10,390,restock,2026-03-20,demo_script
Lays Chips (Small),Snacks,20,10,sale,2026-03-20,demo_script
Lays Chips (Small),Snacks,20,210,restock,2026-03-20,demo_script
Britannia Bread,Bakery,45,16,sale,2026-03-20,demo_script
Britannia Bread,Bakery,45,152,restock,2026-03-20,demo_script
Tata Tea Gold (500g),Beverages,280,5,sale,2026-03-20,demo_script
Tata Tea Gold (500g),Beverages,280,63,restock,2026-03-20,demo_script
Nescafe Classic (50g),Beverages,160,3,sale,2026-03-20,demo_script
Nescafe Classic (50g),Beverages,160,42,restock,2026-03-20,demo_script
Amul Milk (500ml),Dairy,30,33,sale,2026-03-20,demo_script
Amul Milk (500ml),Dairy,30,549,restock,2026-03-20,demo_script
Surf Excel (1kg),Household,250,3,sale,2026-03-20,demo_script
Surf Excel (1kg),Household,250,56,restock,2026-03-20,demo_script
Vim Dishwash Bar,Household,35,4,sale,2026-03-20,demo_script
Vim Dishwash Bar,Household,35,83,restock,2026-03-20,demo_script
Lux Soap,Personal Care,48,5,sale,2026-03-20,demo_script
Lux Soap,Personal Care,48,81,restock,2026-03-20,demo_script
Colgate Toothpaste,Personal Care,95,4,sale,2026-03-20,demo_script
Colgate Toothpaste,Personal Care,95,54,restock,2026-03-20,demo_script
Eggs (dozen),Daily Essentials,80,10,sale,2026-03-20,demo_script
Eggs (dozen),Daily Essentials,80,161,restock,2026-03-20,demo_script
Amul Butter (100g),Dairy,56,7,sale,2026-03-20,demo_script
Amul Butter (100g),Dairy,56,80,restock,2026-03-20,demo_script
Toor Dal,Pulses & Grains,160,13,sale,2026-03-21,demo_script
Basmati Rice (5kg),Pulses & Grains,450,6,sale,2026-03-21,demo_script
Aashirvaad Atta (10kg),Pulses & Grains,520,8,sale,2026-03-21,demo_script
Sugar,Pulses & Grains,45,9,sale,2026-03-21,demo_script
Fortune Sunflower Oil (1L),Cooking,180,7,sale,2026-03-21,demo_script
MDH Garam Masala,Cooking,85,5,sale,2026-03-21,demo_script
Saffola Gold Oil (1L),Cooking,220,4,sale,2026-03-21,demo_script
Maggi Noodles,Snacks,14,32,sale,2026-03-21,demo_script
Parle-G Biscuits,Snacks,10,29,sale,2026-03-21,demo_script
Lays Chips (Small),Snacks,20,25,sale,2026-03-21,demo_script
Britannia Bread,Bakery,45,19,sale,2026-03-21,demo_script
Tata Tea Gold (500g),Beverages,280,4,sale,2026-03-21,demo_script
Nescafe Classic (50g),Beverages,160,2,sale,2026-03-21,demo_script
Amul Milk (500ml),Dairy,30,51,sale,2026-03-21,demo_script
Surf Excel (1kg),Household,250,5,sale,2026-03-21,demo_script
Vim Dishwash Bar,Household,35,8,sale,2026-03-21,demo_script
Lux Soap,Personal Care,48,5,sale,2026-03-21,demo_script
Colgate Toothpaste,Personal Care,95,5,sale,2026-03-21,demo_script
Eggs (dozen),Daily Essentials,80,17,sale,2026-03-21,demo_script
Amul Butter (100g),Dairy,56,6,sale,2026-03-21,demo_script
Toor Dal,Pulses & Grains,160,8,sale,2026-03-22,demo_script
Basmati Rice (5kg),Pulses & Grains,450,7,sale,2026-03-22,demo_script
Aashirvaad Atta (10kg),Pulses & Grains,520,7,sale,2026-03-22,demo_script
Sugar,Pulses & Grains,45,11,sale,2026-03-22,demo_script
Fortune Sunflower Oil (1L),Cooking,180,11,sale,2026-03-22,demo_script
MDH Garam Masala,Cooking,85,4,sale,2026-03-22,demo_script
Saffola Gold Oil (1L),Cooking,220,3,sale,2026-03-22,demo_script
Maggi Noodles,Snacks,14,39,sale,2026-03-22,demo_script
Parle-G Biscuits,Snacks,10,37,sale,2026-03-22,demo_script
Lays Chips (Small),Snacks,20,16,sale,2026-03-22,demo_script
Britannia Bread,Bakery,45,12,sale,2026-03-22,demo_script
Tata Tea Gold (500g),Beverages,280,4,sale,2026-03-22,demo_script
Nescafe Classic (50g),Beverages,160,4,sale,2026-03-22,demo_script
Amul Milk (500ml),Dairy,30,53,sale,2026-03-22,demo_script
Surf Excel (1kg),Household,250,4,sale,2026-03-22,demo_script
Vim Dishwash Bar,Household,35,8,sale,2026-03-22,demo_script
Lux Soap,Personal Care,48,8,sale,2026-03-22,demo_script
Colgate Toothpaste,Personal Care,95,5,sale,2026-03-22,demo_script
Eggs (dozen),Daily Essentials,80,13,sale,2026-03-22,demo_script
Amul Butter (100g),Dairy,56,10,sale,2026-03-22,demo_script
Toor Dal,Pulses & Grains,160,8,sale,2026-03-23,demo_script
Basmati Rice (5kg),Pulses & Grains,450,4,sale,2026-03-23,demo_script
Aashirvaad Atta (10kg),Pulses & Grains,520,3,sale,2026-03-23,demo_script
Sugar,Pulses & Grains,45,6,sale,2026-03-23,demo_script
Fortune Sunflower Oil (1L),Cooking,180,6,sale,2026-03-23,demo_script
MDH Garam Masala,Cooking,85,4,sale,2026-03-23,demo_script
Saffola Gold Oil (1L),Cooking,220,2,sale,2026-03-23,demo_script
Maggi Noodles,Snacks,14,19,sale,2026-03-23,demo_script
Parle-G Biscuits,Snacks,10,39,sale,2026-03-23,demo_script
Lays Chips (Small),Snacks,20,12,sale,2026-03-23,demo_script
Britannia Bread,Bakery,45,12,sale,2026-03-23,demo_script
Tata Tea Gold (500g),Beverages,280,3,sale,2026-03-23,demo_script
Nescafe Classic (50g),Beverages,160,2,sale,2026-03-23,demo_script
Amul Milk (500ml),Dairy,30,44,sale,2026-03-23,demo_script
Surf Excel (1kg),Household,250,4,sale,2026-03-23,demo_script
Vim Dishwash Bar,Household,35,6,sale,2026-03-23,demo_script
Lux Soap,Personal Care,48,4,sale,2026-03-23,demo_script
Colgate Toothpaste,Personal Care,95,4,sale,2026-03-23,demo_script
Eggs (dozen),Daily Essentials,80,8,sale,2026-03-23,demo_script
Amul Butter (100g),Dairy,56,6,sale,2026-03-23,demo_script
Toor Dal,Pulses & Grains,160,8,sale,2026-03-24,demo_script
Basmati Rice (5kg),Pulses & Grains,450,6,sale,2026-03-24,demo_script
Aashirvaad Atta (10kg),Pulses & Grains,520,4,sale,2026-03-24,demo_script
Sugar,Pulses & Grains,45,7,sale,2026-03-24,demo_script
Fortune Sunflower Oil (1L),Cooking,180,8,sale,2026-03-24,demo_script
MDH Garam Masala,Cooking,85,5,sale,2026-03-24,demo_script
Saffola Gold Oil (1L),Cooking,220,3,sale,2026-03-24,demo_script
Maggi Noodles,Snacks,14,29,sale,2026-03-24,demo_script
Parle-G Biscuits,Snacks,10,27,sale,2026-03-24,demo_script
Lays Chips (Small),Snacks,20,17,sale,2026-03-24,demo_script
Britannia Bread,Bakery,45,13,sale,2026-03-24,demo_script
Tata Tea Gold (500g),Beverages,280,3,sale,2026-03-24,demo_script
Nescafe Classic (50g),Beverages,160,3,sale,2026-03-24,demo_script
Amul Milk (500ml),Dairy,30,37,sale,2026-03-24,demo_script
Surf Excel (1kg),Household,250,3,sale,2026-03-24,demo_script
Vim Dishwash Bar,Household,35,5,sale,2026-03-24,demo_script
Lux Soap,Personal Care,48,4,sale,2026-03-24,demo_script
Colgate Toothpaste,Personal Care,95,2,sale,2026-03-24,demo_script
Eggs (dozen),Daily Essentials,80,9,sale,2026-03-24,demo_script
Amul Butter (100g),Dairy,56,3,sale,2026-03-24,demo_script
Toor Dal,Pulses & Grains,160,11,sale,2026-03-25,demo_script
Basmati Rice (5kg),Pulses & Grains,450,7,sale,2026-03-25,demo_script
Aashirvaad Atta (10kg),Pulses & Grains,520,5,sale,2026-03-25,demo_script
Sugar,Pulses & Grains,45,13,sale,2026-03-25,demo_script
Fortune Sunflower Oil (1L),Cooking,180,5,sale,2026-03-25,demo_script
MDH Garam Masala,Cooking,85,5,sale,2026-03-25,demo_script
Saffola Gold Oil (1L),Cooking,220,1,sale,2026-03-25,demo_script
Maggi Noodles,Snacks,14,21,sale,2026-03-25,demo_script
Parle-G Biscuits,Snacks,10,30,sale,2026-03-25,demo_script
Lays Chips (Small),Snacks,20,17,sale,2026-03-25,demo_script
Britannia Bread,Bakery,45,13,sale,2026-03-25,demo_script
Tata Tea Gold (500g),Beverages,280,3,sale,2026-03-25,demo_script
Nescafe Classic (50g),Beverages,160,3,sale,2026-03-25,demo_script
Amul Milk (500ml),Dairy,30,26,sale,2026-03-25,demo_script
Surf Excel (1kg),Household,250,4,sale,2026-03-25,demo_script
Vim Dishwash Bar,Household,35,6,sale,2026-03-25,demo_script
Lux Soap,Personal Care,48,6,sale,2026-03-25,demo_script
Colgate Toothpaste,Personal Care,95,4,sale,2026-03-25,demo_script
Eggs (dozen),Daily Essentials,80,6,sale,2026-03-25,demo_script
Amul Butter (100g),Dairy,56,5,sale,2026-03-25,demo_script
Toor Dal,Pulses & Grains,160,13,sale,2026-03-26,demo_script
Basmati Rice (5kg),Pulses & Grains,450,5,sale,2026-03-26,demo_script
Aashirvaad Atta (10kg),Pulses & Grains,520,6,sale,2026-03-26,demo_script
Sugar,Pulses & Grains,45,10,sale,2026-03-26,demo_script
Fortune Sunflower Oil (1L),Cooking,180,8,sale,2026-03-26,demo_script
MDH Garam Masala,Cooking,85,3,sale,2026-03-26,demo_script
Saffola Gold Oil (1L),Cooking,220,2,sale,2026-03-26,demo_script
Maggi Noodles,Snacks,14,32,sale,2026-03-26,demo_script
Parle-G Biscuits,Snacks,10,37,sale,2026-03-26,demo_script
Lays Chips (Small),Snacks,20,17,sale,2026-03-26,demo_script
Britannia Bread,Bakery,45,10,sale,2026-03-26,demo_script
Tata Tea Gold (500g),Beverages,280,3,sale,2026-03-26,demo_script
Nescafe Classic (50g),Beverages,160,3,sale,2026-03-26,demo_script
Amul Milk (500ml),Dairy,30,35,sale,2026-03-26,demo_script
Surf Excel (1kg),Household,250,3,sale,2026-03-26,demo_script
Vim Dishwash Bar,Household,35,7,sale,2026-03-26,demo_script
Lux Soap,Personal Care,48,3,sale,2026-03-26,demo_script
Colgate Toothpaste,Personal Care,95,5,sale,2026-03-26,demo_script
Eggs (dozen),Daily Essentials,80,10,sale,2026-03-26,demo_script
Amul Butter (100g),Dairy,56,4,sale,2026-03-26,demo_script
Toor Dal,Pulses & Grains,160,7,sale,2026-03-27,demo_script
Basmati Rice (5kg),Pulses & Grains,450,5,sale,2026-03-27,demo_script
Aashirvaad Atta (10kg),Pulses & Grains,520,6,sale,2026-03-27,demo_script
Sugar,Pulses & Grains,45,16,sale,2026-03-27,demo_script
Fortune Sunflower Oil (1L),Cooking,180,7,sale,2026-03-27,demo_script
MDH Garam Masala,Cooking,85,5,sale,2026-03-27,demo_script
Saffola Gold Oil (1L),Cooking,220,3,sale,2026-03-27,demo_script
Maggi Noodles,Snacks,14,25,sale,2026-03-27,demo_script
Parle-G Biscuits,Snacks,10,25,sale,2026-03-27,demo_script
Lays Chips (Small),Snacks,20,12,sale,2026-03-27,demo_script
Britannia Bread,Bakery,45,14,sale,2026-03-27,demo_script
Tata Tea Gold (500g),Beverages,280,2,sale,2026-03-27,demo_script
Nescafe Classic (50g),Beverages,160,2,sale,2026-03-27,demo_script
Amul Milk (500ml),Dairy,30,42,sale,2026-03-27,demo_script
Surf Excel (1kg),Household,250,5,sale,2026-03-27,demo_script
Vim Dishwash Bar,Household,35,8,sale,2026-03-27,demo_script
Lux Soap,Personal Care,48,4,sale,2026-03-27,demo_script
Colgate Toothpaste,Personal Care,95,2,sale,2026-03-27,demo_script
Eggs (dozen),Daily Essentials,80,6,sale,2026-03-27,demo_script
Amul Butter (100g),Dairy,56,7,sale,2026-03-27,demo_script
Toor Dal,Pulses & Grains,160,13,sale,2026-03-28,demo_script
Basmati Rice (5kg),Pulses & Grains,450,9,sale,2026-03-28,demo_script
Aashirvaad Atta (10kg),Pulses & Grains,520,6,sale,2026-03-28,demo_script
Sugar,Pulses & Grains,45,19,sale,2026-03-28,demo_script
Fortune Sunflower Oil (1L),Cooking,180,9,sale,2026-03-28,demo_script
MDH Garam Masala,Cooking,85,6,sale,2026-03-28,demo_script
Saffola Gold Oil (1L),Cooking,220,3,sale,2026-03-28,demo_script
Maggi Noodles,Snacks,14,37,sale,2026-03-28,demo_script
Parle-G Biscuits,Snacks,10,39,sale,2026-03-28,demo_script
Lays Chips (Small),Snacks,20,17,sale,2026-03-28,demo_script
Britannia Bread,Bakery,45,17,sale,2026-03-28,demo_script
Tata Tea Gold (500g),Beverages,280,3,sale,2026-03-28,demo_script
Nescafe Classic (50g),Beverages,160,5,sale,2026-03-28,demo_script
Amul Milk (500ml),Dairy,30,43,sale,2026-03-28,demo_script
Surf Excel (1kg),Household,250,4,sale,2026-03-28,demo_script
Vim Dishwash Bar,Household,35,9,sale,2026-03-28,demo_script
Lux Soap,Personal Care,48,5,sale,2026-03-28,demo_script
Colgate Toothpaste,Personal Care,95,3,sale,2026-03-28,demo_script
Eggs (dozen),Daily Essentials,80,9,sale,2026-03-28,demo_script
Amul Butter (100g),Dairy,56,9,sale,2026-03-28,demo_script
Toor Dal,Pulses & Grains,160,16,sale,2026-03-29,demo_script
Basmati Rice (5kg),Pulses & Grains,450,7,sale,2026-03-29,demo_script
Aashirvaad Atta (10kg),Pulses & Grains,520,5,sale,2026-03-29,demo_script
Sugar,Pulses & Grains,45,18,sale,2026-03-29,demo_script
Fortune Sunflower Oil (1L),Cooking,180,8,sale,2026-03-29,demo_script
MDH Garam Masala,Cooking,85,4,sale,2026-03-29,demo_script
Saffola Gold Oil (1L),Cooking,220,5,sale,2026-03-29,demo_script
Maggi Noodles,Snacks,14,40,sale,2026-03-29,demo_script
Parle-G Biscuits,Snacks,10,28,sale,2026-03-29,demo_script
Lays Chips (Small),Snacks,20,14,sale,2026-03-29,demo_script
Britannia Bread,Bakery,45,11,sale,2026-03-29,demo_script
Tata Tea Gold (500g),Beverages,280,5,sale,2026-03-29,demo_script
Nescafe Classic (50g),Beverages,160,2,sale,2026-03-29,demo_script
Amul Milk (500ml),Dairy,30,35,sale,2026-03-29,demo_script
Surf Excel (1kg),Household,250,4,sale,2026-03-29,demo_script
Vim Dishwash Bar,Household,35,6,sale,2026-03-29,demo_script
Lux Soap,Personal Care,48,7,sale,2026-03-29,demo_script
Colgate Toothpaste,Personal Care,95,3,sale,2026-03-29,demo_script
Eggs (dozen),Daily Essentials,80,12,sale,2026-03-29,demo_script
Amul Butter (100g),Dairy,56,7,sale,2026-03-29,demo_script
Toor Dal,Pulses & Grains,160,9,sale,2026-03-30,demo_script
Basmati Rice (5kg),Pulses & Grains,450,6,sale,2026-03-30,demo_script
Aashirvaad Atta (10kg),Pulses & Grains,520,7,sale,2026-03-30,demo_script
Sugar,Pulses & Grains,45,11,sale,2026-03-30,demo_script
Fortune Sunflower Oil (1L),Cooking,180,7,sale,2026-03-30,demo_script
MDH Garam Masala,Cooking,85,4,sale,2026-03-30,demo_script
Saffola Gold Oil (1L),Cooking,220,3,sale,2026-03-30,demo_script
Maggi Noodles,Snacks,14,30,sale,2026-03-30,demo_script
Parle-G Biscuits,Snacks,10,35,sale,2026-03-30,demo_script
Lays Chips (Small),Snacks,20,17,sale,2026-03-30,demo_script
Britannia Bread,Bakery,45,8,sale,2026-03-30,demo_script
Tata Tea Gold (500g),Beverages,280,2,sale,2026-03-30,demo_script
Nescafe Classic (50g),Beverages,160,3,sale,2026-03-30,demo_script
Amul Milk (500ml),Dairy,30,27,sale,2026-03-30,demo_script
Surf Excel (1kg),Household,250,4,sale,2026-03-30,demo_script
Vim Dishwash Bar,Household,35,6,sale,2026-03-30,demo_script
Lux Soap,Personal Care,48,6,sale,2026-03-30,demo_script
Colgate Toothpaste,Personal Care,95,3,sale,2026-03-30,demo_script
Eggs (dozen),Daily Essentials,80,11,sale,2026-03-30,demo_script
Amul Butter (100g),Dairy,56,5,sale,2026-03-30,demo_script
Toor Dal,Pulses & Grains,160,11,sale,2026-03-31,demo_script
Basmati Rice (5kg),Pulses & Grains,450,6,sale,2026-03-31,demo_script
Aashirvaad Atta (10kg),Pulses & Grains,520,3,sale,2026-03-31,demo_script
Sugar,Pulses & Grains,45,13,sale,2026-03-31,demo_script
Fortune Sunflower Oil (1L),Cooking,180,7,sale,2026-03-31,demo_script
MDH Garam Masala,Cooking,85,4,sale,2026-03-31,demo_script
Saffola Gold Oil (1L),Cooking,220,3,sale,2026-03-31,demo_script
Maggi Noodles,Snacks,14,22,sale,2026-03-31,demo_script
Parle-G Biscuits,Snacks,10,38,sale,2026-03-31,demo_script
Lays Chips (Small),Snacks,20,20,sale,2026-03-31,demo_script
Britannia Bread,Bakery,45,10,sale,2026-03-31,demo_script
Tata Tea Gold (500g),Beverages,280,4,sale,2026-03-31,demo_script
Nescafe Classic (50g),Beverages,160,3,sale,2026-03-31,demo_script
Amul Milk (500ml),Dairy,30,38,sale,2026-03-31,demo_script
Surf Excel (1kg),Household,250,4,sale,2026-03-31,demo_script
Vim Dishwash Bar,Household,35,5,sale,2026-03-31,demo_script
Lux Soap,Personal Care,48,4,sale,2026-03-31,demo_script
Colgate Toothpaste,Personal Care,95,3,sale,2026-03-31,demo_script
Eggs (dozen),Daily Essentials,80,12,sale,2026-03-31,demo_script
Amul Butter (100g),Dairy,56,5,sale,2026-03-31,demo_script
Toor Dal,Pulses & Grains,160,8,sale,2026-04-01,demo_script
Toor Dal,Pulses & Grains,160,101,restock,2026-04-01,demo_script
Basmati Rice (5kg),Pulses & Grains,450,6,sale,2026-04-01,demo_script
Basmati Rice (5kg),Pulses & Grains,450,83,restock,2026-04-01,demo_script
Aashirvaad Atta (10kg),Pulses & Grains,520,4,sale,2026-04-01,demo_script
Aashirvaad Atta (10kg),Pulses & Grains,520,68,restock,2026-04-01,demo_script
Sugar,Pulses & Grains,45,7,sale,2026-04-01,demo_script
Sugar,Pulses & Grains,45,163,restock,2026-04-01,demo_script
Fortune Sunflower Oil (1L),Cooking,180,8,sale,2026-04-01,demo_script
Fortune Sunflower Oil (1L),Cooking,180,98,restock,2026-04-01,demo_script
MDH Garam Masala,Cooking,85,4,sale,2026-04-01,demo_script
MDH Garam Masala,Cooking,85,53,restock,2026-04-01,demo_script
Saffola Gold Oil (1L),Cooking,220,3,sale,2026-04-01,demo_script
Saffola Gold Oil (1L),Cooking,220,43,restock,2026-04-01,demo_script
Maggi Noodles,Snacks,14,25,sale,2026-04-01,demo_script
Maggi Noodles,Snacks,14,417,restock,2026-04-01,demo_script
Parle-G Biscuits,Snacks,10,27,sale,2026-04-01,demo_script
Parle-G Biscuits,Snacks,10,427,restock,2026-04-01,demo_script
Lays Chips (Small),Snacks,20,14,sale,2026-04-01,demo_script
Lays Chips (Small),Snacks,20,199,restock,2026-04-01,demo_script
Britannia Bread,Bakery,45,15,sale,2026-04-01,demo_script
Britannia Bread,Bakery,45,163,restock,2026-04-01,demo_script
Tata Tea Gold (500g),Beverages,280,7,sale,2026-04-01,demo_script
Tata Tea Gold (500g),Beverages,280,57,restock,2026-04-01,demo_script
Nescafe Classic (50g),Beverages,160,2,sale,2026-04-01,demo_script
Nescafe Classic (50g),Beverages,160,48,restock,2026-04-01,demo_script
Amul Milk (500ml),Dairy,30,24,sale,2026-04-01,demo_script
Amul Milk (500ml),Dairy,30,505,restock,2026-04-01,demo_script
Surf Excel (1kg),Household,250,3,sale,2026-04-01,demo_script
Surf Excel (1kg),Household,250,64,restock,2026-04-01,demo_script
Vim Dishwash Bar,Household,35,6,sale,2026-04-01,demo_script
Vim Dishwash Bar,Household,35,86,restock,2026-04-01,demo_script
Lux Soap,Personal Care,48,4,sale,2026-04-01,demo_script
Lux Soap,Personal Care,48,69,restock,2026-04-01,demo_script
Colgate Toothpaste,Personal Care,95,5,sale,2026-04-01,demo_script
Colgate Toothpaste,Personal Care,95,58,restock,2026-04-01,demo_script
Eggs (dozen),Daily Essentials,80,8,sale,2026-04-01,demo_script
Eggs (dozen),Daily Essentials,80,131,restock,2026-04-01,demo_script
Amul Butter (100g),Dairy,56,4,sale,2026-04-01,demo_script
Amul Butter (100g),Dairy,56,75,restock,2026-04-01,demo_script
Toor Dal,Pulses & Grains,160,8,sale,2026-04-02,demo_script
Basmati Rice (5kg),Pulses & Grains,450,7,sale,2026-04-02,demo_script
Aashirvaad Atta (10kg),Pulses & Grains,520,4,sale,2026-04-02,demo_script
Sugar,Pulses & Grains,45,13,sale,2026-04-02,demo_script
Fortune Sunflower Oil (1L),Cooking,180,8,sale,2026-04-02,demo_script
MDH Garam Masala,Cooking,85,2,sale,2026-04-02,demo_script
Saffola Gold Oil (1L),Cooking,220,2,sale,2026-04-02,demo_script
Maggi Noodles,Snacks,14,28,sale,2026-04-02,demo_script
Parle-G Biscuits,Snacks,10,29,sale,2026-04-02,demo_script
Lays Chips (Small),Snacks,20,19,sale,2026-04-02,demo_script
Britannia Bread,Bakery,45,14,sale,2026-04-02,demo_script
Tata Tea Gold (500g),Beverages,280,4,sale,2026-04-02,demo_script
Nescafe Classic (50g),Beverages,160,4,sale,2026-04-02,demo_script
Amul Milk (500ml),Dairy,30,46,sale,2026-04-02,demo_script
Surf Excel (1kg),Household,250,5,sale,2026-04-02,demo_script
Vim Dishwash Bar,Household,35,6,sale,2026-04-02,demo_script
Lux Soap,Personal Care,48,5,sale,2026-04-02,demo_script
Colgate Toothpaste,Personal Care,95,4,sale,2026-04-02,demo_script
Eggs (dozen),Daily Essentials,80,7,sale,2026-04-02,demo_script
Amul Butter (100g),Dairy,56,7,sale,2026-04-02,demo_script
Toor Dal,Pulses & Grains,160,7,sale,2026-04-03,demo_script
Basmati Rice (5kg),Pulses & Grains,450,4,sale,2026-04-03,demo_script
Aashirvaad Atta (10kg),Pulses & Grains,520,3,sale,2026-04-03,demo_script
Sugar,Pulses & Grains,45,9,sale,2026-04-03,demo_script
Fortune Sunflower Oil (1L),Cooking,180,5,sale,2026-04-03,demo_script
MDH Garam Masala,Cooking,85,3,sale,2026-04-03,demo_script
Saffola Gold Oil (1L),Cooking,220,3,sale,2026-04-03,demo_script
Maggi Noodles,Snacks,14,27,sale,2026-04-03,demo_script
Parle-G Biscuits,Snacks,10,33,sale,2026-04-03,demo_script
Lays Chips (Small),Snacks,20,14,sale,2026-04-03,demo_script
Britannia Bread,Bakery,45,15,sale,2026-04-03,demo_script
Tata Tea Gold (500g),Beverages,280,4,sale,2026-04-03,demo_script
Nescafe Classic (50g),Beverages,160,2,sale,2026-04-03,demo_script
Amul Milk (500ml),Dairy,30,30,sale,2026-04-03,demo_script
Surf Excel (1kg),Household,250,3,sale,2026-04-03,demo_script
Vim Dishwash Bar,Household,35,4,sale,2026-04-03,demo_script
Lux Soap,Personal Care,48,6,sale,2026-04-03,demo_script
Colgate Toothpaste,Personal Care,95,5,sale,2026-04-03,demo_script
Eggs (dozen),Daily Essentials,80,12,sale,2026-04-03,demo_script
Amul Butter (100g),Dairy,56,5,sale,2026-04-03,demo_script
Toor Dal,Pulses & Grains,160,12,sale,2026-04-04,demo_script
Basmati Rice (5kg),Pulses & Grains,450,9,sale,2026-04-04,demo_script
Aashirvaad Atta (10kg),Pulses & Grains,520,7,sale,2026-04-04,demo_script
Sugar,Pulses & Grains,45,10,sale,2026-04-04,demo_script
Fortune Sunflower Oil (1L),Cooking,180,8,sale,2026-04-04,demo_script
MDH Garam Masala,Cooking,85,5,sale,2026-04-04,demo_script
Saffola Gold Oil (1L),Cooking,220,3,sale,2026-04-04,demo_script
Maggi Noodles,Snacks,14,28,sale,2026-04-04,demo_script
Parle-G Biscuits,Snacks,10,42,sale,2026-04-04,demo_script
Lays Chips (Small),Snacks,20,21,sale,2026-04-04,demo_script
Britannia Bread,Bakery,45,14,sale,2026-04-04,demo_script
Tata Tea Gold (500g),Beverages,280,4,sale,2026-04-04,demo_script
Nescafe Classic (50g),Beverages,160,4,sale,2026-04-04,demo_script
Amul Milk (500ml),Dairy,30,45,sale,2026-04-04,demo_script
Surf Excel (1kg),Household,250,3,sale,2026-04-04,demo_script
Vim Dishwash Bar,Household,35,8,sale,2026-04-04,demo_script
Lux Soap,Personal Care,48,4,sale,2026-04-04,demo_script
Colgate Toothpaste,Personal Care,95,5,sale,2026-04-04,demo_script
Eggs (dozen),Daily Essentials,80,9,sale,2026-04-04,demo_script
Amul Butter (100g),Dairy,56,10,sale,2026-04-04,demo_script
Toor Dal,Pulses & Grains,160,9,sale,2026-04-05,demo_script
Basmati Rice (5kg),Pulses & Grains,450,9,sale,2026-04-05,demo_script
Aashirvaad Atta (10kg),Pulses & Grains,520,4,sale,2026-04-05,demo_script
Sugar,Pulses & Grains,45,12,sale,2026-04-05,demo_script
Fortune Sunflower Oil (1L),Cooking,180,10,sale,2026-04-05,demo_script
MDH Garam Masala,Cooking,85,3,sale,2026-04-05,demo_script
Saffola Gold Oil (1L),Cooking,220,4,sale,2026-04-05,demo_script
Maggi Noodles,Snacks,14,35,sale,2026-04-05,demo_script
Parle-G Biscuits,Snacks,10,34,sale,2026-04-05,demo_script
Lays Chips (Small),Snacks,20,26,sale,2026-04-05,demo_script
Britannia Bread,Bakery,45,19,sale,2026-04-05,demo_script
Tata Tea Gold (500g),Beverages,280,5,sale,2026-04-05,demo_script
Nescafe Classic (50g),Beverages,160,5,sale,2026-04-05,demo_script
Amul Milk (500ml),Dairy,30,49,sale,2026-04-05,demo_script
Surf Excel (1kg),Household,250,5,sale,2026-04-05,demo_script
Vim Dishwash Bar,Household,35,5,sale,2026-04-05,demo_script
Lux Soap,Personal Care,48,8,sale,2026-04-05,demo_script
Colgate Toothpaste,Personal Care,95,5,sale,2026-04-05,demo_script
Eggs (dozen),Daily Essentials,80,17,sale,2026-04-05,demo_script
Amul Butter (100g),Dairy,56,9,sale,2026-04-05,demo_script
Toor Dal,Pulses & Grains,160,10,sale,2026-04-06,demo_script
Basmati Rice (5kg),Pulses & Grains,450,5,sale,2026-04-06,demo_script
Aashirvaad Atta (10kg),Pulses & Grains,520,4,sale,2026-04-06,demo_script
Sugar,Pulses & Grains,45,8,sale,2026-04-06,demo_script
Fortune Sunflower Oil (1L),Cooking,180,7,sale,2026-04-06,demo_script
MDH Garam Masala,Cooking,85,2,sale,2026-04-06,demo_script
Saffola Gold Oil (1L),Cooking,220,3,sale,2026-04-06,demo_script
Maggi Noodles,Snacks,14,19,sale,2026-04-06,demo_script
Parle-G Biscuits,Snacks,10,25,sale,2026-04-06,demo_script
Lays Chips (Small),Snacks,20,19,sale,2026-04-06,demo_script
Britannia Bread,Bakery,45,12,sale,2026-04-06,demo_script
Tata Tea Gold (500g),Beverages,280,4,sale,2026-04-06,demo_script
Nescafe Classic (50g),Beverages,160,2,sale,2026-04-06,demo_script
Amul Milk (500ml),Dairy,30,41,sale,2026-04-06,demo_script
Surf Excel (1kg),Household,250,3,sale,2026-04-06,demo_script
Vim Dishwash Bar,Household,35,3,sale,2026-04-06,demo_script
Lux Soap,Personal Care,48,4,sale,2026-04-06,demo_script
Colgate Toothpaste,Personal Care,95,2,sale,2026-04-06,demo_script
Eggs (dozen),Daily Essentials,80,9,sale,2026-04-06,demo_script
Amul Butter (100g),Dairy,56,5,sale,2026-04-06,demo_script
Toor Dal,Pulses & Grains,160,9,sale,2026-04-07,demo_script
Basmati Rice (5kg),Pulses & Grains,450,7,sale,2026-04-07,demo_script
Aashirvaad Atta (10kg),Pulses & Grains,520,3,sale,2026-04-07,demo_script
Sugar,Pulses & Grains,45,7,sale,2026-04-07,demo_script
Fortune Sunflower Oil (1L),Cooking,180,8,sale,2026-04-07,demo_script
MDH Garam Masala,Cooking,85,4,sale,2026-04-07,demo_script
Saffola Gold Oil (1L),Cooking,220,3,sale,2026-04-07,demo_script
Maggi Noodles,Snacks,14,30,sale,2026-04-07,demo_script
Parle-G Biscuits,Snacks,10,29,sale,2026-04-07,demo_script
Lays Chips (Small),Snacks,20,15,sale,2026-04-07,demo_script
Britannia Bread,Bakery,45,14,sale,2026-04-07,demo_script
Tata Tea Gold (500g),Beverages,280,4,sale,2026-04-07,demo_script
Nescafe Classic (50g),Beverages,160,5,sale,2026-04-07,demo_script
Amul Milk (500ml),Dairy,30,43,sale,2026-04-07,demo_script
Surf Excel (1kg),Household,250,3,sale,2026-04-07,demo_script
Vim Dishwash Bar,Household,35,5,sale,2026-04-07,demo_script
Lux Soap,Personal Care,48,4,sale,2026-04-07,demo_script
Colgate Toothpaste,Personal Care,95,3,sale,2026-04-07,demo_script
Eggs (dozen),Daily Essentials,80,11,sale,2026-04-07,demo_script
Amul Butter (100g),Dairy,56,5,sale,2026-04-07,demo_script
Toor Dal,Pulses & Grains,160,9,sale,2026-04-08,demo_script
Basmati Rice (5kg),Pulses & Grains,450,5,sale,2026-04-08,demo_script
Aashirvaad Atta (10kg),Pulses & Grains,520,4,sale,2026-04-08,demo_script
Sugar,Pulses & Grains,45,6,sale,2026-04-08,demo_script
Fortune Sunflower Oil (1L),Cooking,180,8,sale,2026-04-08,demo_script
MDH Garam Masala,Cooking,85,5,sale,2026-04-08,demo_script
Saffola Gold Oil (1L),Cooking,220,3,sale,2026-04-08,demo_script
Maggi Noodles,Snacks,14,24,sale,2026-04-08,demo_script
Parle-G Biscuits,Snacks,10,34,sale,2026-04-08,demo_script
Lays Chips (Small),Snacks,20,16,sale,2026-04-08,demo_script
Britannia Bread,Bakery,45,14,sale,2026-04-08,demo_script
Tata Tea Gold (500g),Beverages,280,4,sale,2026-04-08,demo_script
Nescafe Classic (50g),Beverages,160,4,sale,2026-04-08,demo_script
Amul Milk (500ml),Dairy,30,39,sale,2026-04-08,demo_script
Surf Excel (1kg),Household,250,2,sale,2026-04-08,demo_script
Vim Dishwash Bar,Household,35,4,sale,2026-04-08,demo_script
Lux Soap,Personal Care,48,3,sale,2026-04-08,demo_script
Colgate Toothpaste,Personal Care,95,3,sale,2026-04-08,demo_script
Eggs (dozen),Daily Essentials,80,12,sale,2026-04-08,demo_script
Amul Butter (100g),Dairy,56,4,sale,2026-04-08,demo_script
Toor Dal,Pulses & Grains,160,5,sale,2026-04-09,demo_script
Basmati Rice (5kg),Pulses & Grains,450,4,sale,2026-04-09,demo_script
Aashirvaad Atta (10kg),Pulses & Grains,520,4,sale,2026-04-09,demo_script
Sugar,Pulses & Grains,45,13,sale,2026-04-09,demo_script
Fortune Sunflower Oil (1L),Cooking,180,8,sale,2026-04-09,demo_script
MDH Garam Masala,Cooking,85,4,sale,2026-04-09,demo_script
Saffola Gold Oil (1L),Cooking,220,3,sale,2026-04-09,demo_script
Maggi Noodles,Snacks,14,25,sale,2026-04-09,demo_script
Parle-G Biscuits,Snacks,10,21,sale,2026-04-09,demo_script
Lays Chips (Small),Snacks,20,19,sale,2026-04-09,demo_script
Britannia Bread,Bakery,45,14,sale,2026-04-09,demo_script
Tata Tea Gold (500g),Beverages,280,4,sale,2026-04-09,demo_script
Nescafe Classic (50g),Beverages,160,2,sale,2026-04-09,demo_script
Amul Milk (500ml),Dairy,30,29,sale,2026-04-09,demo_script
Surf Excel (1kg),Household,250,4,sale,2026-04-09,demo_script
Vim Dishwash Bar,Household,35,3,sale,2026-04-09,demo_script
Lux Soap,Personal Care,48,5,sale,2026-04-09,demo_script
Colgate Toothpaste,Personal Care,95,5,sale,2026-04-09,demo_script
Eggs (dozen),Daily Essentials,80,13,sale,2026-04-09,demo_script
Amul Butter (100g),Dairy,56,4,sale,2026-04-09,demo_script
Toor Dal,Pulses & Grains,160,6,sale,2026-04-10,demo_script
Toor Dal,Pulses & Grains,160,109,restock,2026-04-10,demo_script
Basmati Rice (5kg),Pulses & Grains,450,5,sale,2026-04-10,demo_script
Basmati Rice (5kg),Pulses & Grains,450,75,restock,2026-04-10,demo_script
Aashirvaad Atta (10kg),Pulses & Grains,520,4,sale,2026-04-10,demo_script
Aashirvaad Atta (10kg),Pulses & Grains,520,76,restock,2026-04-10,demo_script
Sugar,Pulses & Grains,45,9,sale,2026-04-10,demo_script
Sugar,Pulses & Grains,45,158,restock,2026-04-10,demo_script
Fortune Sunflower Oil (1L),Cooking,180,6,sale,2026-04-10,demo_script
Fortune Sunflower Oil (1L),Cooking,180,110,restock,2026-04-10,demo_script
MDH Garam Masala,Cooking,85,5,sale,2026-04-10,demo_script
MDH Garam Masala,Cooking,85,66,restock,2026-04-10,demo_script
Saffola Gold Oil (1L),Cooking,220,3,sale,2026-04-10,demo_script
Saffola Gold Oil (1L),Cooking,220,45,restock,2026-04-10,demo_script
Maggi Noodles,Snacks,14,27,sale,2026-04-10,demo_script
Maggi Noodles,Snacks,14,376,restock,2026-04-10,demo_script
Parle-G Biscuits,Snacks,10,31,sale,2026-04-10,demo_script
Parle-G Biscuits,Snacks,10,381,restock,2026-04-10,demo_script
Lays Chips (Small),Snacks,20,14,sale,2026-04-10,demo_script
Lays Chips (Small),Snacks,20,223,restock,2026-04-10,demo_script
Britannia Bread,Bakery,45,13,sale,2026-04-10,demo_script
Britannia Bread,Bakery,45,177,restock,2026-04-10,demo_script
Tata Tea Gold (500g),Beverages,280,2,sale,2026-04-10,demo_script
Tata Tea Gold (500g),Beverages,280,52,restock,2026-04-10,demo_script
Nescafe Classic (50g),Beverages,160,2,sale,2026-04-10,demo_script
Nescafe Classic (50g),Beverages,160,43,restock,2026-04-10,demo_script
Amul Milk (500ml),Dairy,30,36,sale,2026-04-10,demo_script
Amul Milk (500ml),Dairy,30,470,restock,2026-04-10,demo_script
Surf Excel (1kg),Household,250,4,sale,2026-04-10,demo_script
Surf Excel (1kg),Household,250,55,restock,2026-04-10,demo_script
Vim Dishwash Bar,Household,35,4,sale,2026-04-10,demo_script
Vim Dishwash Bar,Household,35,95,restock,2026-04-10,demo_script
Lux Soap,Personal Care,48,4,sale,2026-04-10,demo_script
Lux Soap,Personal Care,48,79,restock,2026-04-10,demo_script
Colgate Toothpaste,Personal Care,95,4,sale,2026-04-10,demo_script
Colgate Toothpaste,Personal Care,95,54,restock,2026-04-10,demo_script
Eggs (dozen),Daily Essentials,80,13,sale,2026-04-10,demo_script
Eggs (dozen),Daily Essentials,80,160,restock,2026-04-10,demo_script
Amul Butter (100g),Dairy,56,7,sale,2026-04-10,demo_script
Amul Butter (100g),Dairy,56,91,restock,2026-04-10,demo_script
